map_key,x,y,terrain_key,elevation_m,road_class,river_class,settlement_level,has_bridge,source_status,notes
point_alpha_corridor,0,0,clear,355,0,0,0,0,elevation_only,
point_alpha_corridor,1,0,clear,306,0,0,0,0,elevation_only,
point_alpha_corridor,2,0,clear,342,0,0,0,0,elevation_only,
point_alpha_corridor,3,0,clear,349,0,0,0,0,elevation_only,
point_alpha_corridor,4,0,clear,358,0,0,0,0,elevation_only,
point_alpha_corridor,5,0,clear,366,0,0,0,0,elevation_only,
point_alpha_corridor,6,0,clear,351,0,0,0,0,elevation_only,
point_alpha_corridor,7,0,clear,339,0,0,0,0,elevation_only,
point_alpha_corridor,8,0,clear,331,0,0,0,0,elevation_only,
point_alpha_corridor,9,0,clear,325,0,0,0,0,elevation_only,
point_alpha_corridor,10,0,clear,324,0,0,0,0,elevation_only,
point_alpha_corridor,11,0,clear,315,0,0,0,0,elevation_only,
point_alpha_corridor,12,0,clear,331,0,0,0,0,elevation_only,
point_alpha_corridor,13,0,clear,335,0,0,0,0,elevation_only,
point_alpha_corridor,14,0,clear,339,0,0,0,0,elevation_only,
point_alpha_corridor,15,0,clear,346,0,0,0,0,elevation_only,
point_alpha_corridor,16,0,clear,356,0,0,0,0,elevation_only,
point_alpha_corridor,17,0,clear,363,0,0,0,0,elevation_only,
point_alpha_corridor,18,0,clear,385,0,0,0,0,elevation_only,
point_alpha_corridor,19,0,clear,376,0,0,0,0,elevation_only,
point_alpha_corridor,20,0,clear,336,0,0,0,0,elevation_only,
point_alpha_corridor,21,0,clear,331,0,0,0,0,elevation_only,
point_alpha_corridor,22,0,clear,339,0,0,0,0,elevation_only,
point_alpha_corridor,23,0,clear,349,0,0,0,0,elevation_only,
point_alpha_corridor,24,0,clear,342,0,0,0,0,elevation_only,
point_alpha_corridor,25,0,clear,331,0,0,0,0,elevation_only,
point_alpha_corridor,26,0,clear,288,0,0,0,0,elevation_only,
point_alpha_corridor,27,0,clear,273,0,0,0,0,elevation_only,
point_alpha_corridor,28,0,clear,270,0,0,0,0,elevation_only,
point_alpha_corridor,29,0,clear,260,0,0,0,0,elevation_only,
point_alpha_corridor,30,0,clear,246,0,0,0,0,elevation_only,
point_alpha_corridor,31,0,clear,277,0,0,0,0,elevation_only,
point_alpha_corridor,32,0,clear,303,0,0,0,0,elevation_only,
point_alpha_corridor,33,0,clear,316,0,0,0,0,elevation_only,
point_alpha_corridor,34,0,clear,274,0,0,0,0,elevation_only,
point_alpha_corridor,35,0,clear,270,0,0,0,0,elevation_only,
point_alpha_corridor,36,0,clear,282,0,0,0,0,elevation_only,
point_alpha_corridor,37,0,clear,277,0,0,0,0,elevation_only,
point_alpha_corridor,38,0,clear,289,0,0,0,0,elevation_only,
point_alpha_corridor,39,0,clear,328,0,0,0,0,elevation_only,
point_alpha_corridor,0,1,clear,301,0,0,0,0,elevation_only,
point_alpha_corridor,1,1,clear,314,0,0,0,0,elevation_only,
point_alpha_corridor,2,1,clear,345,0,0,0,0,elevation_only,
point_alpha_corridor,3,1,clear,343,0,0,0,0,elevation_only,
point_alpha_corridor,4,1,clear,352,0,0,0,0,elevation_only,
point_alpha_corridor,5,1,clear,359,0,0,0,0,elevation_only,
point_alpha_corridor,6,1,clear,345,0,0,0,0,elevation_only,
point_alpha_corridor,7,1,clear,334,0,0,0,0,elevation_only,
point_alpha_corridor,8,1,clear,337,0,0,0,0,elevation_only,
point_alpha_corridor,9,1,clear,341,0,0,0,0,elevation_only,
point_alpha_corridor,10,1,clear,330,0,0,0,0,elevation_only,
point_alpha_corridor,11,1,clear,320,0,0,0,0,elevation_only,
point_alpha_corridor,12,1,clear,331,0,0,0,0,elevation_only,
point_alpha_corridor,13,1,clear,339,0,0,0,0,elevation_only,
point_alpha_corridor,14,1,clear,344,0,0,0,0,elevation_only,
point_alpha_corridor,15,1,clear,347,0,0,0,0,elevation_only,
point_alpha_corridor,16,1,clear,357,0,0,0,0,elevation_only,
point_alpha_corridor,17,1,clear,385,0,0,0,0,elevation_only,
point_alpha_corridor,18,1,clear,432,0,0,0,0,elevation_only,
point_alpha_corridor,19,1,clear,397,0,0,0,0,elevation_only,
point_alpha_corridor,20,1,clear,358,0,0,0,0,elevation_only,
point_alpha_corridor,21,1,clear,348,0,0,0,0,elevation_only,
point_alpha_corridor,22,1,clear,349,0,0,0,0,elevation_only,
point_alpha_corridor,23,1,clear,356,0,0,0,0,elevation_only,
point_alpha_corridor,24,1,clear,338,0,0,0,0,elevation_only,
point_alpha_corridor,25,1,clear,305,0,0,0,0,elevation_only,
point_alpha_corridor,26,1,clear,343,0,0,0,0,elevation_only,
point_alpha_corridor,27,1,clear,349,0,0,0,0,elevation_only,
point_alpha_corridor,28,1,clear,329,0,0,0,0,elevation_only,
point_alpha_corridor,29,1,clear,281,0,0,0,0,elevation_only,
point_alpha_corridor,30,1,clear,244,0,0,0,0,elevation_only,
point_alpha_corridor,31,1,clear,283,0,0,0,0,elevation_only,
point_alpha_corridor,32,1,clear,305,0,0,0,0,elevation_only,
point_alpha_corridor,33,1,clear,302,0,0,0,0,elevation_only,
point_alpha_corridor,34,1,clear,287,0,0,0,0,elevation_only,
point_alpha_corridor,35,1,clear,333,0,0,0,0,elevation_only,
point_alpha_corridor,36,1,clear,361,0,0,0,0,elevation_only,
point_alpha_corridor,37,1,clear,357,0,0,0,0,elevation_only,
point_alpha_corridor,38,1,clear,313,0,0,0,0,elevation_only,
point_alpha_corridor,39,1,clear,292,0,0,0,0,elevation_only,
point_alpha_corridor,0,2,clear,361,0,0,0,0,elevation_only,
point_alpha_corridor,1,2,clear,352,0,0,0,0,elevation_only,
point_alpha_corridor,2,2,clear,357,0,0,0,0,elevation_only,
point_alpha_corridor,3,2,clear,347,0,0,0,0,elevation_only,
point_alpha_corridor,4,2,clear,360,0,0,0,0,elevation_only,
point_alpha_corridor,5,2,clear,355,0,0,0,0,elevation_only,
point_alpha_corridor,6,2,clear,346,0,0,0,0,elevation_only,
point_alpha_corridor,7,2,clear,347,0,0,0,0,elevation_only,
point_alpha_corridor,8,2,clear,367,0,0,0,0,elevation_only,
point_alpha_corridor,9,2,clear,346,0,0,0,0,elevation_only,
point_alpha_corridor,10,2,clear,328,0,0,0,0,elevation_only,
point_alpha_corridor,11,2,clear,325,0,0,0,0,elevation_only,
point_alpha_corridor,12,2,clear,348,0,0,0,0,elevation_only,
point_alpha_corridor,13,2,clear,359,0,0,0,0,elevation_only,
point_alpha_corridor,14,2,clear,365,0,0,0,0,elevation_only,
point_alpha_corridor,15,2,clear,371,0,0,0,0,elevation_only,
point_alpha_corridor,16,2,clear,378,0,0,0,0,elevation_only,
point_alpha_corridor,17,2,clear,408,0,0,0,0,elevation_only,
point_alpha_corridor,18,2,clear,415,0,0,0,0,elevation_only,
point_alpha_corridor,19,2,clear,352,0,0,0,0,elevation_only,
point_alpha_corridor,20,2,clear,332,0,0,0,0,elevation_only,
point_alpha_corridor,21,2,clear,336,0,0,0,0,elevation_only,
point_alpha_corridor,22,2,clear,338,0,0,0,0,elevation_only,
point_alpha_corridor,23,2,clear,340,0,0,0,0,elevation_only,
point_alpha_corridor,24,2,clear,316,0,0,0,0,elevation_only,
point_alpha_corridor,25,2,clear,355,0,0,0,0,elevation_only,
point_alpha_corridor,26,2,clear,368,0,0,0,0,elevation_only,
point_alpha_corridor,27,2,clear,337,0,0,0,0,elevation_only,
point_alpha_corridor,28,2,clear,271,0,0,0,0,elevation_only,
point_alpha_corridor,29,2,clear,238,0,0,0,0,elevation_only,
point_alpha_corridor,30,2,clear,241,0,0,0,0,elevation_only,
point_alpha_corridor,31,2,clear,282,0,0,0,0,elevation_only,
point_alpha_corridor,32,2,clear,300,0,0,0,0,elevation_only,
point_alpha_corridor,33,2,clear,280,0,0,0,0,elevation_only,
point_alpha_corridor,34,2,clear,306,0,0,0,0,elevation_only,
point_alpha_corridor,35,2,clear,371,0,0,0,0,elevation_only,
point_alpha_corridor,36,2,clear,436,0,0,0,0,elevation_only,
point_alpha_corridor,37,2,clear,416,0,0,0,0,elevation_only,
point_alpha_corridor,38,2,clear,360,0,0,0,0,elevation_only,
point_alpha_corridor,39,2,clear,297,0,0,0,0,elevation_only,
point_alpha_corridor,0,3,clear,396,0,0,0,0,elevation_only,
point_alpha_corridor,1,3,clear,381,0,0,0,0,elevation_only,
point_alpha_corridor,2,3,clear,368,0,0,0,0,elevation_only,
point_alpha_corridor,3,3,clear,355,0,0,0,0,elevation_only,
point_alpha_corridor,4,3,clear,365,0,0,0,0,elevation_only,
point_alpha_corridor,5,3,clear,361,0,0,0,0,elevation_only,
point_alpha_corridor,6,3,clear,360,0,0,0,0,elevation_only,
point_alpha_corridor,7,3,clear,372,0,0,0,0,elevation_only,
point_alpha_corridor,8,3,clear,384,0,0,0,0,elevation_only,
point_alpha_corridor,9,3,clear,337,0,0,0,0,elevation_only,
point_alpha_corridor,10,3,clear,328,0,0,0,0,elevation_only,
point_alpha_corridor,11,3,clear,343,0,0,0,0,elevation_only,
point_alpha_corridor,12,3,clear,383,0,0,0,0,elevation_only,
point_alpha_corridor,13,3,clear,390,0,0,0,0,elevation_only,
point_alpha_corridor,14,3,clear,392,0,0,0,0,elevation_only,
point_alpha_corridor,15,3,clear,429,0,0,0,0,elevation_only,
point_alpha_corridor,16,3,clear,417,0,0,0,0,elevation_only,
point_alpha_corridor,17,3,clear,417,0,0,0,0,elevation_only,
point_alpha_corridor,18,3,clear,414,0,0,0,0,elevation_only,
point_alpha_corridor,19,3,clear,351,0,0,0,0,elevation_only,
point_alpha_corridor,20,3,clear,342,0,0,0,0,elevation_only,
point_alpha_corridor,21,3,clear,336,0,0,0,0,elevation_only,
point_alpha_corridor,22,3,clear,344,0,0,0,0,elevation_only,
point_alpha_corridor,23,3,clear,348,0,0,0,0,elevation_only,
point_alpha_corridor,24,3,clear,363,0,0,0,0,elevation_only,
point_alpha_corridor,25,3,clear,375,0,0,0,0,elevation_only,
point_alpha_corridor,26,3,clear,362,0,0,0,0,elevation_only,
point_alpha_corridor,27,3,clear,274,0,0,0,0,elevation_only,
point_alpha_corridor,28,3,clear,244,0,0,0,0,elevation_only,
point_alpha_corridor,29,3,clear,286,0,0,0,0,elevation_only,
point_alpha_corridor,30,3,clear,304,0,0,0,0,elevation_only,
point_alpha_corridor,31,3,clear,307,0,0,0,0,elevation_only,
point_alpha_corridor,32,3,clear,297,0,0,0,0,elevation_only,
point_alpha_corridor,33,3,clear,296,0,0,0,0,elevation_only,
point_alpha_corridor,34,3,clear,331,0,0,0,0,elevation_only,
point_alpha_corridor,35,3,clear,412,0,0,0,0,elevation_only,
point_alpha_corridor,36,3,clear,532,0,0,0,0,elevation_only,
point_alpha_corridor,37,3,clear,504,0,0,0,0,elevation_only,
point_alpha_corridor,38,3,clear,385,0,0,0,0,elevation_only,
point_alpha_corridor,39,3,clear,324,0,0,0,0,elevation_only,
point_alpha_corridor,0,4,clear,372,0,0,0,0,elevation_only,
point_alpha_corridor,1,4,clear,397,0,0,0,0,elevation_only,
point_alpha_corridor,2,4,clear,377,0,0,0,0,elevation_only,
point_alpha_corridor,3,4,clear,358,0,0,0,0,elevation_only,
point_alpha_corridor,4,4,clear,355,0,0,0,0,elevation_only,
point_alpha_corridor,5,4,clear,360,0,0,0,0,elevation_only,
point_alpha_corridor,6,4,clear,388,0,0,0,0,elevation_only,
point_alpha_corridor,7,4,clear,431,0,0,0,0,elevation_only,
point_alpha_corridor,8,4,clear,378,0,0,0,0,elevation_only,
point_alpha_corridor,9,4,clear,332,0,0,0,0,elevation_only,
point_alpha_corridor,10,4,clear,350,0,0,0,0,elevation_only,
point_alpha_corridor,11,4,clear,357,0,0,0,0,elevation_only,
point_alpha_corridor,12,4,clear,386,0,0,0,0,elevation_only,
point_alpha_corridor,13,4,clear,405,0,0,0,0,elevation_only,
point_alpha_corridor,14,4,clear,408,0,0,0,0,elevation_only,
point_alpha_corridor,15,4,clear,435,0,0,0,0,elevation_only,
point_alpha_corridor,16,4,clear,452,0,0,0,0,elevation_only,
point_alpha_corridor,17,4,clear,445,0,0,0,0,elevation_only,
point_alpha_corridor,18,4,clear,410,0,0,0,0,elevation_only,
point_alpha_corridor,19,4,clear,384,0,0,0,0,elevation_only,
point_alpha_corridor,20,4,clear,391,0,0,0,0,elevation_only,
point_alpha_corridor,21,4,clear,360,0,0,0,0,elevation_only,
point_alpha_corridor,22,4,clear,359,0,0,0,0,elevation_only,
point_alpha_corridor,23,4,clear,367,0,0,0,0,elevation_only,
point_alpha_corridor,24,4,clear,376,0,0,0,0,elevation_only,
point_alpha_corridor,25,4,clear,348,0,0,0,0,elevation_only,
point_alpha_corridor,26,4,clear,341,0,0,0,0,elevation_only,
point_alpha_corridor,27,4,clear,262,0,0,0,0,elevation_only,
point_alpha_corridor,28,4,clear,254,0,0,0,0,elevation_only,
point_alpha_corridor,29,4,clear,318,0,0,0,0,elevation_only,
point_alpha_corridor,30,4,clear,370,0,0,0,0,elevation_only,
point_alpha_corridor,31,4,clear,358,0,0,0,0,elevation_only,
point_alpha_corridor,32,4,clear,309,0,0,0,0,elevation_only,
point_alpha_corridor,33,4,clear,302,0,0,0,0,elevation_only,
point_alpha_corridor,34,4,clear,335,0,0,0,0,elevation_only,
point_alpha_corridor,35,4,clear,408,0,0,0,0,elevation_only,
point_alpha_corridor,36,4,clear,490,0,0,0,0,elevation_only,
point_alpha_corridor,37,4,clear,495,0,0,0,0,elevation_only,
point_alpha_corridor,38,4,clear,392,0,0,0,0,elevation_only,
point_alpha_corridor,39,4,clear,332,0,0,0,0,elevation_only,
point_alpha_corridor,0,5,clear,369,0,0,0,0,elevation_only,
point_alpha_corridor,1,5,clear,404,0,0,0,0,elevation_only,
point_alpha_corridor,2,5,clear,380,0,0,0,0,elevation_only,
point_alpha_corridor,3,5,clear,367,0,0,0,0,elevation_only,
point_alpha_corridor,4,5,clear,346,0,0,0,0,elevation_only,
point_alpha_corridor,5,5,clear,344,0,0,0,0,elevation_only,
point_alpha_corridor,6,5,clear,393,0,0,0,0,elevation_only,
point_alpha_corridor,7,5,clear,421,0,0,0,0,elevation_only,
point_alpha_corridor,8,5,clear,353,0,0,0,0,elevation_only,
point_alpha_corridor,9,5,clear,337,0,0,0,0,elevation_only,
point_alpha_corridor,10,5,clear,346,0,0,0,0,elevation_only,
point_alpha_corridor,11,5,clear,369,0,0,0,0,elevation_only,
point_alpha_corridor,12,5,clear,386,0,0,0,0,elevation_only,
point_alpha_corridor,13,5,clear,400,0,0,0,0,elevation_only,
point_alpha_corridor,14,5,clear,404,0,0,0,0,elevation_only,
point_alpha_corridor,15,5,clear,463,0,0,0,0,elevation_only,
point_alpha_corridor,16,5,clear,502,0,0,0,0,elevation_only,
point_alpha_corridor,17,5,clear,481,0,0,0,0,elevation_only,
point_alpha_corridor,18,5,clear,445,0,0,0,0,elevation_only,
point_alpha_corridor,19,5,clear,461,0,0,0,0,elevation_only,
point_alpha_corridor,20,5,clear,444,0,0,0,0,elevation_only,
point_alpha_corridor,21,5,clear,379,0,0,0,0,elevation_only,
point_alpha_corridor,22,5,clear,348,0,0,0,0,elevation_only,
point_alpha_corridor,23,5,clear,357,0,0,0,0,elevation_only,
point_alpha_corridor,24,5,clear,354,0,0,0,0,elevation_only,
point_alpha_corridor,25,5,clear,340,0,0,0,0,elevation_only,
point_alpha_corridor,26,5,clear,290,0,0,0,0,elevation_only,
point_alpha_corridor,27,5,clear,242,0,0,0,0,elevation_only,
point_alpha_corridor,28,5,clear,267,0,0,0,0,elevation_only,
point_alpha_corridor,29,5,clear,328,0,0,0,0,elevation_only,
point_alpha_corridor,30,5,clear,404,0,0,0,0,elevation_only,
point_alpha_corridor,31,5,clear,388,0,0,0,0,elevation_only,
point_alpha_corridor,32,5,clear,320,0,0,0,0,elevation_only,
point_alpha_corridor,33,5,clear,306,0,0,0,0,elevation_only,
point_alpha_corridor,34,5,clear,338,0,0,0,0,elevation_only,
point_alpha_corridor,35,5,clear,387,0,0,0,0,elevation_only,
point_alpha_corridor,36,5,clear,443,0,0,0,0,elevation_only,
point_alpha_corridor,37,5,clear,476,0,0,0,0,elevation_only,
point_alpha_corridor,38,5,clear,435,0,0,0,0,elevation_only,
point_alpha_corridor,39,5,clear,353,0,0,0,0,elevation_only,
point_alpha_corridor,0,6,clear,359,0,0,0,0,elevation_only,
point_alpha_corridor,1,6,clear,379,0,0,0,0,elevation_only,
point_alpha_corridor,2,6,clear,379,0,0,0,0,elevation_only,
point_alpha_corridor,3,6,clear,372,0,0,0,0,elevation_only,
point_alpha_corridor,4,6,clear,354,0,0,0,0,elevation_only,
point_alpha_corridor,5,6,clear,333,0,0,0,0,elevation_only,
point_alpha_corridor,6,6,clear,354,0,0,0,0,elevation_only,
point_alpha_corridor,7,6,clear,368,0,0,0,0,elevation_only,
point_alpha_corridor,8,6,clear,342,0,0,0,0,elevation_only,
point_alpha_corridor,9,6,clear,360,0,0,0,0,elevation_only,
point_alpha_corridor,10,6,clear,360,0,0,0,0,elevation_only,
point_alpha_corridor,11,6,clear,372,0,0,0,0,elevation_only,
point_alpha_corridor,12,6,clear,369,0,0,0,0,elevation_only,
point_alpha_corridor,13,6,clear,365,0,0,0,0,elevation_only,
point_alpha_corridor,14,6,clear,403,0,0,0,0,elevation_only,
point_alpha_corridor,15,6,clear,501,0,0,0,0,elevation_only,
point_alpha_corridor,16,6,clear,578,0,0,0,0,elevation_only,
point_alpha_corridor,17,6,clear,515,0,0,0,0,elevation_only,
point_alpha_corridor,18,6,clear,449,0,0,0,0,elevation_only,
point_alpha_corridor,19,6,clear,411,0,0,0,0,elevation_only,
point_alpha_corridor,20,6,clear,368,0,0,0,0,elevation_only,
point_alpha_corridor,21,6,clear,340,0,0,0,0,elevation_only,
point_alpha_corridor,22,6,clear,331,0,0,0,0,elevation_only,
point_alpha_corridor,23,6,clear,351,0,0,0,0,elevation_only,
point_alpha_corridor,24,6,clear,351,0,0,0,0,elevation_only,
point_alpha_corridor,25,6,clear,310,0,0,0,0,elevation_only,
point_alpha_corridor,26,6,clear,269,0,0,0,0,elevation_only,
point_alpha_corridor,27,6,clear,257,0,0,0,0,elevation_only,
point_alpha_corridor,28,6,clear,299,0,0,0,0,elevation_only,
point_alpha_corridor,29,6,clear,319,0,0,0,0,elevation_only,
point_alpha_corridor,30,6,clear,350,0,0,0,0,elevation_only,
point_alpha_corridor,31,6,clear,342,0,0,0,0,elevation_only,
point_alpha_corridor,32,6,clear,320,0,0,0,0,elevation_only,
point_alpha_corridor,33,6,clear,317,0,0,0,0,elevation_only,
point_alpha_corridor,34,6,clear,357,0,0,0,0,elevation_only,
point_alpha_corridor,35,6,clear,447,0,0,0,0,elevation_only,
point_alpha_corridor,36,6,clear,510,0,0,0,0,elevation_only,
point_alpha_corridor,37,6,clear,526,0,0,0,0,elevation_only,
point_alpha_corridor,38,6,clear,475,0,0,0,0,elevation_only,
point_alpha_corridor,39,6,clear,405,0,0,0,0,elevation_only,
point_alpha_corridor,0,7,clear,300,0,0,0,0,elevation_only,
point_alpha_corridor,1,7,clear,356,0,0,0,0,elevation_only,
point_alpha_corridor,2,7,clear,352,0,0,0,0,elevation_only,
point_alpha_corridor,3,7,clear,356,0,0,0,0,elevation_only,
point_alpha_corridor,4,7,clear,344,0,0,0,0,elevation_only,
point_alpha_corridor,5,7,clear,325,0,0,0,0,elevation_only,
point_alpha_corridor,6,7,clear,341,0,0,0,0,elevation_only,
point_alpha_corridor,7,7,clear,354,0,0,0,0,elevation_only,
point_alpha_corridor,8,7,clear,349,0,0,0,0,elevation_only,
point_alpha_corridor,9,7,clear,367,0,0,0,0,elevation_only,
point_alpha_corridor,10,7,clear,363,0,0,0,0,elevation_only,
point_alpha_corridor,11,7,clear,370,0,0,0,0,elevation_only,
point_alpha_corridor,12,7,clear,371,0,0,0,0,elevation_only,
point_alpha_corridor,13,7,clear,349,0,0,0,0,elevation_only,
point_alpha_corridor,14,7,clear,401,0,0,0,0,elevation_only,
point_alpha_corridor,15,7,clear,473,0,0,0,0,elevation_only,
point_alpha_corridor,16,7,clear,517,0,0,0,0,elevation_only,
point_alpha_corridor,17,7,clear,480,0,0,0,0,elevation_only,
point_alpha_corridor,18,7,clear,417,0,0,0,0,elevation_only,
point_alpha_corridor,19,7,clear,390,0,0,0,0,elevation_only,
point_alpha_corridor,20,7,clear,335,0,0,0,0,elevation_only,
point_alpha_corridor,21,7,clear,319,0,0,0,0,elevation_only,
point_alpha_corridor,22,7,clear,313,0,0,0,0,elevation_only,
point_alpha_corridor,23,7,clear,328,0,0,0,0,elevation_only,
point_alpha_corridor,24,7,clear,339,0,0,0,0,elevation_only,
point_alpha_corridor,25,7,clear,312,0,0,0,0,elevation_only,
point_alpha_corridor,26,7,clear,254,0,0,0,0,elevation_only,
point_alpha_corridor,27,7,clear,311,0,0,0,0,elevation_only,
point_alpha_corridor,28,7,clear,341,0,0,0,0,elevation_only,
point_alpha_corridor,29,7,clear,316,0,0,0,0,elevation_only,
point_alpha_corridor,30,7,clear,318,0,0,0,0,elevation_only,
point_alpha_corridor,31,7,clear,316,0,0,0,0,elevation_only,
point_alpha_corridor,32,7,clear,315,0,0,0,0,elevation_only,
point_alpha_corridor,33,7,clear,329,0,0,0,0,elevation_only,
point_alpha_corridor,34,7,clear,368,0,0,0,0,elevation_only,
point_alpha_corridor,35,7,clear,470,0,0,0,0,elevation_only,
point_alpha_corridor,36,7,clear,563,0,0,0,0,elevation_only,
point_alpha_corridor,37,7,clear,603,0,0,0,0,elevation_only,
point_alpha_corridor,38,7,clear,549,0,0,0,0,elevation_only,
point_alpha_corridor,39,7,clear,458,0,0,0,0,elevation_only,
point_alpha_corridor,0,8,clear,273,0,0,0,0,elevation_only,
point_alpha_corridor,1,8,clear,341,0,0,0,0,elevation_only,
point_alpha_corridor,2,8,clear,326,0,0,0,0,elevation_only,
point_alpha_corridor,3,8,clear,328,0,0,0,0,elevation_only,
point_alpha_corridor,4,8,clear,321,0,0,0,0,elevation_only,
point_alpha_corridor,5,8,clear,333,0,0,0,0,elevation_only,
point_alpha_corridor,6,8,clear,368,0,0,0,0,elevation_only,
point_alpha_corridor,7,8,clear,355,0,0,0,0,elevation_only,
point_alpha_corridor,8,8,clear,349,0,0,0,0,elevation_only,
point_alpha_corridor,9,8,clear,352,0,0,0,0,elevation_only,
point_alpha_corridor,10,8,clear,355,0,0,0,0,elevation_only,
point_alpha_corridor,11,8,clear,363,0,0,0,0,elevation_only,
point_alpha_corridor,12,8,clear,366,0,0,0,0,elevation_only,
point_alpha_corridor,13,8,clear,338,0,0,0,0,elevation_only,
point_alpha_corridor,14,8,clear,362,0,0,0,0,elevation_only,
point_alpha_corridor,15,8,clear,410,0,0,0,0,elevation_only,
point_alpha_corridor,16,8,clear,435,0,0,0,0,elevation_only,
point_alpha_corridor,17,8,clear,411,0,0,0,0,elevation_only,
point_alpha_corridor,18,8,clear,379,0,0,0,0,elevation_only,
point_alpha_corridor,19,8,clear,359,0,0,0,0,elevation_only,
point_alpha_corridor,20,8,clear,334,0,0,0,0,elevation_only,
point_alpha_corridor,21,8,clear,306,0,0,0,0,elevation_only,
point_alpha_corridor,22,8,clear,296,0,0,0,0,elevation_only,
point_alpha_corridor,23,8,clear,305,0,0,0,0,elevation_only,
point_alpha_corridor,24,8,clear,319,0,0,0,0,elevation_only,
point_alpha_corridor,25,8,clear,304,0,0,0,0,elevation_only,
point_alpha_corridor,26,8,clear,265,0,0,0,0,elevation_only,
point_alpha_corridor,27,8,clear,344,0,0,0,0,elevation_only,
point_alpha_corridor,28,8,clear,347,0,0,0,0,elevation_only,
point_alpha_corridor,29,8,clear,339,0,0,0,0,elevation_only,
point_alpha_corridor,30,8,clear,336,0,0,0,0,elevation_only,
point_alpha_corridor,31,8,clear,324,0,0,0,0,elevation_only,
point_alpha_corridor,32,8,clear,321,0,0,0,0,elevation_only,
point_alpha_corridor,33,8,clear,338,0,0,0,0,elevation_only,
point_alpha_corridor,34,8,clear,369,0,0,0,0,elevation_only,
point_alpha_corridor,35,8,clear,448,0,0,0,0,elevation_only,
point_alpha_corridor,36,8,clear,544,0,0,0,0,elevation_only,
point_alpha_corridor,37,8,clear,605,0,0,0,0,elevation_only,
point_alpha_corridor,38,8,clear,590,0,0,0,0,elevation_only,
point_alpha_corridor,39,8,clear,487,0,0,0,0,elevation_only,
point_alpha_corridor,0,9,clear,288,0,0,0,0,elevation_only,
point_alpha_corridor,1,9,clear,306,0,0,0,0,elevation_only,
point_alpha_corridor,2,9,clear,333,0,0,0,0,elevation_only,
point_alpha_corridor,3,9,clear,310,0,0,0,0,elevation_only,
point_alpha_corridor,4,9,clear,314,0,0,0,0,elevation_only,
point_alpha_corridor,5,9,clear,357,0,0,0,0,elevation_only,
point_alpha_corridor,6,9,clear,378,0,0,0,0,elevation_only,
point_alpha_corridor,7,9,clear,350,0,0,0,0,elevation_only,
point_alpha_corridor,8,9,clear,346,0,0,0,0,elevation_only,
point_alpha_corridor,9,9,clear,352,0,0,0,0,elevation_only,
point_alpha_corridor,10,9,clear,354,0,0,0,0,elevation_only,
point_alpha_corridor,11,9,clear,359,0,0,0,0,elevation_only,
point_alpha_corridor,12,9,clear,359,0,0,0,0,elevation_only,
point_alpha_corridor,13,9,clear,327,0,0,0,0,elevation_only,
point_alpha_corridor,14,9,clear,324,0,0,0,0,elevation_only,
point_alpha_corridor,15,9,clear,344,0,0,0,0,elevation_only,
point_alpha_corridor,16,9,clear,362,0,0,0,0,elevation_only,
point_alpha_corridor,17,9,clear,359,0,0,0,0,elevation_only,
point_alpha_corridor,18,9,clear,345,0,0,0,0,elevation_only,
point_alpha_corridor,19,9,clear,355,0,0,0,0,elevation_only,
point_alpha_corridor,20,9,clear,363,0,0,0,0,elevation_only,
point_alpha_corridor,21,9,clear,333,0,0,0,0,elevation_only,
point_alpha_corridor,22,9,clear,329,0,0,0,0,elevation_only,
point_alpha_corridor,23,9,clear,291,0,0,0,0,elevation_only,
point_alpha_corridor,24,9,clear,285,0,0,0,0,elevation_only,
point_alpha_corridor,25,9,clear,274,0,0,0,0,elevation_only,
point_alpha_corridor,26,9,clear,281,0,0,0,0,elevation_only,
point_alpha_corridor,27,9,clear,333,0,0,0,0,elevation_only,
point_alpha_corridor,28,9,clear,330,0,0,0,0,elevation_only,
point_alpha_corridor,29,9,clear,329,0,0,0,0,elevation_only,
point_alpha_corridor,30,9,clear,335,0,0,0,0,elevation_only,
point_alpha_corridor,31,9,clear,329,0,0,0,0,elevation_only,
point_alpha_corridor,32,9,clear,332,0,0,0,0,elevation_only,
point_alpha_corridor,33,9,clear,351,0,0,0,0,elevation_only,
point_alpha_corridor,34,9,clear,361,0,0,0,0,elevation_only,
point_alpha_corridor,35,9,clear,409,0,0,0,0,elevation_only,
point_alpha_corridor,36,9,clear,484,0,0,0,0,elevation_only,
point_alpha_corridor,37,9,clear,531,0,0,0,0,elevation_only,
point_alpha_corridor,38,9,clear,532,0,0,0,0,elevation_only,
point_alpha_corridor,39,9,clear,465,0,0,0,0,elevation_only,
point_alpha_corridor,0,10,clear,320,0,0,0,0,elevation_only,
point_alpha_corridor,1,10,clear,328,0,0,0,0,elevation_only,
point_alpha_corridor,2,10,clear,344,0,0,0,0,elevation_only,
point_alpha_corridor,3,10,clear,315,0,0,0,0,elevation_only,
point_alpha_corridor,4,10,clear,309,0,0,0,0,elevation_only,
point_alpha_corridor,5,10,clear,359,0,0,0,0,elevation_only,
point_alpha_corridor,6,10,clear,371,0,0,0,0,elevation_only,
point_alpha_corridor,7,10,clear,362,0,0,0,0,elevation_only,
point_alpha_corridor,8,10,clear,359,0,0,0,0,elevation_only,
point_alpha_corridor,9,10,clear,359,0,0,0,0,elevation_only,
point_alpha_corridor,10,10,clear,365,0,0,0,0,elevation_only,
point_alpha_corridor,11,10,clear,377,0,0,0,0,elevation_only,
point_alpha_corridor,12,10,clear,365,0,0,0,0,elevation_only,
point_alpha_corridor,13,10,clear,333,0,0,0,0,elevation_only,
point_alpha_corridor,14,10,clear,314,0,0,0,0,elevation_only,
point_alpha_corridor,15,10,clear,307,0,0,0,0,elevation_only,
point_alpha_corridor,16,10,clear,315,0,0,0,0,elevation_only,
point_alpha_corridor,17,10,clear,319,0,0,0,0,elevation_only,
point_alpha_corridor,18,10,clear,323,0,0,0,0,elevation_only,
point_alpha_corridor,19,10,clear,321,0,0,0,0,elevation_only,
point_alpha_corridor,20,10,clear,344,0,0,0,0,elevation_only,
point_alpha_corridor,21,10,clear,368,0,0,0,0,elevation_only,
point_alpha_corridor,22,10,clear,379,0,0,0,0,elevation_only,
point_alpha_corridor,23,10,clear,319,0,0,0,0,elevation_only,
point_alpha_corridor,24,10,clear,267,0,0,0,0,elevation_only,
point_alpha_corridor,25,10,clear,251,0,0,0,0,elevation_only,
point_alpha_corridor,26,10,clear,294,0,0,0,0,elevation_only,
point_alpha_corridor,27,10,clear,310,0,0,0,0,elevation_only,
point_alpha_corridor,28,10,clear,317,0,0,0,0,elevation_only,
point_alpha_corridor,29,10,clear,345,0,0,0,0,elevation_only,
point_alpha_corridor,30,10,clear,352,0,0,0,0,elevation_only,
point_alpha_corridor,31,10,clear,343,0,0,0,0,elevation_only,
point_alpha_corridor,32,10,clear,353,0,0,0,0,elevation_only,
point_alpha_corridor,33,10,clear,385,0,0,0,0,elevation_only,
point_alpha_corridor,34,10,clear,378,0,0,0,0,elevation_only,
point_alpha_corridor,35,10,clear,384,0,0,0,0,elevation_only,
point_alpha_corridor,36,10,clear,444,0,0,0,0,elevation_only,
point_alpha_corridor,37,10,clear,487,0,0,0,0,elevation_only,
point_alpha_corridor,38,10,clear,475,0,0,0,0,elevation_only,
point_alpha_corridor,39,10,clear,437,0,0,0,0,elevation_only,
point_alpha_corridor,0,11,clear,359,0,0,0,0,elevation_only,
point_alpha_corridor,1,11,clear,306,0,0,0,0,elevation_only,
point_alpha_corridor,2,11,clear,321,0,0,0,0,elevation_only,
point_alpha_corridor,3,11,clear,303,0,0,0,0,elevation_only,
point_alpha_corridor,4,11,clear,324,0,0,0,0,elevation_only,
point_alpha_corridor,5,11,clear,347,0,0,0,0,elevation_only,
point_alpha_corridor,6,11,clear,359,0,0,0,0,elevation_only,
point_alpha_corridor,7,11,clear,367,0,0,0,0,elevation_only,
point_alpha_corridor,8,11,clear,374,0,0,0,0,elevation_only,
point_alpha_corridor,9,11,clear,375,0,0,0,0,elevation_only,
point_alpha_corridor,10,11,clear,392,0,0,0,0,elevation_only,
point_alpha_corridor,11,11,clear,412,0,0,0,0,elevation_only,
point_alpha_corridor,12,11,clear,416,0,0,0,0,elevation_only,
point_alpha_corridor,13,11,clear,397,0,0,0,0,elevation_only,
point_alpha_corridor,14,11,clear,341,0,0,0,0,elevation_only,
point_alpha_corridor,15,11,clear,313,0,0,0,0,elevation_only,
point_alpha_corridor,16,11,clear,301,0,0,0,0,elevation_only,
point_alpha_corridor,17,11,clear,295,0,0,0,0,elevation_only,
point_alpha_corridor,18,11,clear,299,0,0,0,0,elevation_only,
point_alpha_corridor,19,11,clear,300,0,0,0,0,elevation_only,
point_alpha_corridor,20,11,clear,322,0,0,0,0,elevation_only,
point_alpha_corridor,21,11,clear,341,0,0,0,0,elevation_only,
point_alpha_corridor,22,11,clear,352,0,0,0,0,elevation_only,
point_alpha_corridor,23,11,clear,350,0,0,0,0,elevation_only,
point_alpha_corridor,24,11,clear,264,0,0,0,0,elevation_only,
point_alpha_corridor,25,11,clear,257,0,0,0,0,elevation_only,
point_alpha_corridor,26,11,clear,280,0,0,0,0,elevation_only,
point_alpha_corridor,27,11,clear,291,0,0,0,0,elevation_only,
point_alpha_corridor,28,11,clear,315,0,0,0,0,elevation_only,
point_alpha_corridor,29,11,clear,358,0,0,0,0,elevation_only,
point_alpha_corridor,30,11,clear,378,0,0,0,0,elevation_only,
point_alpha_corridor,31,11,clear,361,0,0,0,0,elevation_only,
point_alpha_corridor,32,11,clear,384,0,0,0,0,elevation_only,
point_alpha_corridor,33,11,clear,409,0,0,0,0,elevation_only,
point_alpha_corridor,34,11,clear,422,0,0,0,0,elevation_only,
point_alpha_corridor,35,11,clear,436,0,0,0,0,elevation_only,
point_alpha_corridor,36,11,clear,431,0,0,0,0,elevation_only,
point_alpha_corridor,37,11,clear,453,0,0,0,0,elevation_only,
point_alpha_corridor,38,11,clear,424,0,0,0,0,elevation_only,
point_alpha_corridor,39,11,clear,409,0,0,0,0,elevation_only,
point_alpha_corridor,0,12,clear,346,0,0,0,0,elevation_only,
point_alpha_corridor,1,12,clear,301,0,0,0,0,elevation_only,
point_alpha_corridor,2,12,clear,293,0,0,0,0,elevation_only,
point_alpha_corridor,3,12,clear,301,0,0,0,0,elevation_only,
point_alpha_corridor,4,12,clear,311,0,0,0,0,elevation_only,
point_alpha_corridor,5,12,clear,333,0,0,0,0,elevation_only,
point_alpha_corridor,6,12,clear,348,0,0,0,0,elevation_only,
point_alpha_corridor,7,12,clear,362,0,0,0,0,elevation_only,
point_alpha_corridor,8,12,clear,380,0,0,0,0,elevation_only,
point_alpha_corridor,9,12,clear,377,0,0,0,0,elevation_only,
point_alpha_corridor,10,12,clear,396,0,0,0,0,elevation_only,
point_alpha_corridor,11,12,clear,426,0,0,0,0,elevation_only,
point_alpha_corridor,12,12,clear,435,0,0,0,0,elevation_only,
point_alpha_corridor,13,12,clear,374,0,0,0,0,elevation_only,
point_alpha_corridor,14,12,clear,323,0,0,0,0,elevation_only,
point_alpha_corridor,15,12,clear,315,0,0,0,0,elevation_only,
point_alpha_corridor,16,12,clear,311,0,0,0,0,elevation_only,
point_alpha_corridor,17,12,clear,298,0,0,0,0,elevation_only,
point_alpha_corridor,18,12,clear,289,0,0,0,0,elevation_only,
point_alpha_corridor,19,12,clear,281,0,0,0,0,elevation_only,
point_alpha_corridor,20,12,clear,288,0,0,0,0,elevation_only,
point_alpha_corridor,21,12,clear,299,0,0,0,0,elevation_only,
point_alpha_corridor,22,12,clear,311,0,0,0,0,elevation_only,
point_alpha_corridor,23,12,clear,288,0,0,0,0,elevation_only,
point_alpha_corridor,24,12,clear,260,0,0,0,0,elevation_only,
point_alpha_corridor,25,12,clear,255,0,0,0,0,elevation_only,
point_alpha_corridor,26,12,clear,264,0,0,0,0,elevation_only,
point_alpha_corridor,27,12,clear,282,0,0,0,0,elevation_only,
point_alpha_corridor,28,12,clear,310,0,0,0,0,elevation_only,
point_alpha_corridor,29,12,clear,363,0,0,0,0,elevation_only,
point_alpha_corridor,30,12,clear,384,0,0,0,0,elevation_only,
point_alpha_corridor,31,12,clear,354,0,0,0,0,elevation_only,
point_alpha_corridor,32,12,clear,355,0,0,0,0,elevation_only,
point_alpha_corridor,33,12,clear,350,0,0,0,0,elevation_only,
point_alpha_corridor,34,12,clear,423,0,0,0,0,elevation_only,
point_alpha_corridor,35,12,clear,422,0,0,0,0,elevation_only,
point_alpha_corridor,36,12,clear,432,0,0,0,0,elevation_only,
point_alpha_corridor,37,12,clear,416,0,0,0,0,elevation_only,
point_alpha_corridor,38,12,clear,390,0,0,0,0,elevation_only,
point_alpha_corridor,39,12,clear,379,0,0,0,0,elevation_only,
point_alpha_corridor,0,13,clear,331,0,0,0,0,elevation_only,
point_alpha_corridor,1,13,clear,323,0,0,0,0,elevation_only,
point_alpha_corridor,2,13,clear,301,0,0,0,0,elevation_only,
point_alpha_corridor,3,13,clear,297,0,0,0,0,elevation_only,
point_alpha_corridor,4,13,clear,307,0,0,0,0,elevation_only,
point_alpha_corridor,5,13,clear,313,0,0,0,0,elevation_only,
point_alpha_corridor,6,13,clear,331,0,0,0,0,elevation_only,
point_alpha_corridor,7,13,clear,355,0,0,0,0,elevation_only,
point_alpha_corridor,8,13,clear,378,0,0,0,0,elevation_only,
point_alpha_corridor,9,13,clear,365,0,0,0,0,elevation_only,
point_alpha_corridor,10,13,clear,374,0,0,0,0,elevation_only,
point_alpha_corridor,11,13,clear,398,0,0,0,0,elevation_only,
point_alpha_corridor,12,13,clear,405,0,0,0,0,elevation_only,
point_alpha_corridor,13,13,clear,356,0,0,0,0,elevation_only,
point_alpha_corridor,14,13,clear,343,0,0,0,0,elevation_only,
point_alpha_corridor,15,13,clear,320,0,0,0,0,elevation_only,
point_alpha_corridor,16,13,clear,295,0,0,0,0,elevation_only,
point_alpha_corridor,17,13,clear,287,0,0,0,0,elevation_only,
point_alpha_corridor,18,13,clear,286,0,0,0,0,elevation_only,
point_alpha_corridor,19,13,clear,284,0,0,0,0,elevation_only,
point_alpha_corridor,20,13,clear,282,0,0,0,0,elevation_only,
point_alpha_corridor,21,13,clear,283,0,0,0,0,elevation_only,
point_alpha_corridor,22,13,clear,283,0,0,0,0,elevation_only,
point_alpha_corridor,23,13,clear,270,0,0,0,0,elevation_only,
point_alpha_corridor,24,13,clear,326,0,0,0,0,elevation_only,
point_alpha_corridor,25,13,clear,270,0,0,0,0,elevation_only,
point_alpha_corridor,26,13,clear,260,0,0,0,0,elevation_only,
point_alpha_corridor,27,13,clear,284,0,0,0,0,elevation_only,
point_alpha_corridor,28,13,clear,345,0,0,0,0,elevation_only,
point_alpha_corridor,29,13,clear,335,0,0,0,0,elevation_only,
point_alpha_corridor,30,13,clear,306,0,0,0,0,elevation_only,
point_alpha_corridor,31,13,clear,303,0,0,0,0,elevation_only,
point_alpha_corridor,32,13,clear,310,0,0,0,0,elevation_only,
point_alpha_corridor,33,13,clear,326,0,0,0,0,elevation_only,
point_alpha_corridor,34,13,clear,351,0,0,0,0,elevation_only,
point_alpha_corridor,35,13,clear,354,0,0,0,0,elevation_only,
point_alpha_corridor,36,13,clear,375,0,0,0,0,elevation_only,
point_alpha_corridor,37,13,clear,392,0,0,0,0,elevation_only,
point_alpha_corridor,38,13,clear,386,0,0,0,0,elevation_only,
point_alpha_corridor,39,13,clear,375,0,0,0,0,elevation_only,
point_alpha_corridor,0,14,clear,332,0,0,0,0,elevation_only,
point_alpha_corridor,1,14,clear,331,0,0,0,0,elevation_only,
point_alpha_corridor,2,14,clear,320,0,0,0,0,elevation_only,
point_alpha_corridor,3,14,clear,302,0,0,0,0,elevation_only,
point_alpha_corridor,4,14,clear,319,0,0,0,0,elevation_only,
point_alpha_corridor,5,14,clear,320,0,0,0,0,elevation_only,
point_alpha_corridor,6,14,clear,369,0,0,0,0,elevation_only,
point_alpha_corridor,7,14,clear,377,0,0,0,0,elevation_only,
point_alpha_corridor,8,14,clear,364,0,0,0,0,elevation_only,
point_alpha_corridor,9,14,clear,353,0,0,0,0,elevation_only,
point_alpha_corridor,10,14,clear,368,0,0,0,0,elevation_only,
point_alpha_corridor,11,14,clear,392,0,0,0,0,elevation_only,
point_alpha_corridor,12,14,clear,395,0,0,0,0,elevation_only,
point_alpha_corridor,13,14,clear,381,0,0,0,0,elevation_only,
point_alpha_corridor,14,14,clear,391,0,0,0,0,elevation_only,
point_alpha_corridor,15,14,clear,312,0,0,0,0,elevation_only,
point_alpha_corridor,16,14,clear,291,0,0,0,0,elevation_only,
point_alpha_corridor,17,14,clear,297,0,0,0,0,elevation_only,
point_alpha_corridor,18,14,clear,298,0,0,0,0,elevation_only,
point_alpha_corridor,19,14,clear,297,0,0,0,0,elevation_only,
point_alpha_corridor,20,14,clear,301,0,0,0,0,elevation_only,
point_alpha_corridor,21,14,clear,296,0,0,0,0,elevation_only,
point_alpha_corridor,22,14,clear,300,0,0,0,0,elevation_only,
point_alpha_corridor,23,14,clear,288,0,0,0,0,elevation_only,
point_alpha_corridor,24,14,clear,309,0,0,0,0,elevation_only,
point_alpha_corridor,25,14,clear,288,0,0,0,0,elevation_only,
point_alpha_corridor,26,14,clear,260,0,0,0,0,elevation_only,
point_alpha_corridor,27,14,clear,277,0,0,0,0,elevation_only,
point_alpha_corridor,28,14,clear,288,0,0,0,0,elevation_only,
point_alpha_corridor,29,14,clear,283,0,0,0,0,elevation_only,
point_alpha_corridor,30,14,clear,288,0,0,0,0,elevation_only,
point_alpha_corridor,31,14,clear,302,0,0,0,0,elevation_only,
point_alpha_corridor,32,14,clear,316,0,0,0,0,elevation_only,
point_alpha_corridor,33,14,clear,326,0,0,0,0,elevation_only,
point_alpha_corridor,34,14,clear,336,0,0,0,0,elevation_only,
point_alpha_corridor,35,14,clear,400,0,0,0,0,elevation_only,
point_alpha_corridor,36,14,clear,455,0,0,0,0,elevation_only,
point_alpha_corridor,37,14,clear,426,0,0,0,0,elevation_only,
point_alpha_corridor,38,14,clear,394,0,0,0,0,elevation_only,
point_alpha_corridor,39,14,clear,386,0,0,0,0,elevation_only,
point_alpha_corridor,0,15,clear,340,0,0,0,0,elevation_only,
point_alpha_corridor,1,15,clear,338,0,0,0,0,elevation_only,
point_alpha_corridor,2,15,clear,321,0,0,0,0,elevation_only,
point_alpha_corridor,3,15,clear,312,0,0,0,0,elevation_only,
point_alpha_corridor,4,15,clear,320,0,0,0,0,elevation_only,
point_alpha_corridor,5,15,clear,347,0,0,0,0,elevation_only,
point_alpha_corridor,6,15,clear,417,0,0,0,0,elevation_only,
point_alpha_corridor,7,15,clear,398,0,0,0,0,elevation_only,
point_alpha_corridor,8,15,clear,356,0,0,0,0,elevation_only,
point_alpha_corridor,9,15,clear,344,0,0,0,0,elevation_only,
point_alpha_corridor,10,15,clear,353,0,0,0,0,elevation_only,
point_alpha_corridor,11,15,clear,368,0,0,0,0,elevation_only,
point_alpha_corridor,12,15,clear,376,0,0,0,0,elevation_only,
point_alpha_corridor,13,15,clear,369,0,0,0,0,elevation_only,
point_alpha_corridor,14,15,clear,351,0,0,0,0,elevation_only,
point_alpha_corridor,15,15,clear,300,0,0,0,0,elevation_only,
point_alpha_corridor,16,15,clear,339,0,0,0,0,elevation_only,
point_alpha_corridor,17,15,clear,358,0,0,0,0,elevation_only,
point_alpha_corridor,18,15,clear,350,0,0,0,0,elevation_only,
point_alpha_corridor,19,15,clear,353,0,0,0,0,elevation_only,
point_alpha_corridor,20,15,clear,334,0,0,0,0,elevation_only,
point_alpha_corridor,21,15,clear,319,0,0,0,0,elevation_only,
point_alpha_corridor,22,15,clear,302,0,0,0,0,elevation_only,
point_alpha_corridor,23,15,clear,286,0,0,0,0,elevation_only,
point_alpha_corridor,24,15,clear,306,0,0,0,0,elevation_only,
point_alpha_corridor,25,15,clear,300,0,0,0,0,elevation_only,
point_alpha_corridor,26,15,clear,264,0,0,0,0,elevation_only,
point_alpha_corridor,27,15,clear,267,0,0,0,0,elevation_only,
point_alpha_corridor,28,15,clear,280,0,0,0,0,elevation_only,
point_alpha_corridor,29,15,clear,294,0,0,0,0,elevation_only,
point_alpha_corridor,30,15,clear,306,0,0,0,0,elevation_only,
point_alpha_corridor,31,15,clear,329,0,0,0,0,elevation_only,
point_alpha_corridor,32,15,clear,343,0,0,0,0,elevation_only,
point_alpha_corridor,33,15,clear,354,0,0,0,0,elevation_only,
point_alpha_corridor,34,15,clear,351,0,0,0,0,elevation_only,
point_alpha_corridor,35,15,clear,440,0,0,0,0,elevation_only,
point_alpha_corridor,36,15,clear,501,0,0,0,0,elevation_only,
point_alpha_corridor,37,15,clear,419,0,0,0,0,elevation_only,
point_alpha_corridor,38,15,clear,400,0,0,0,0,elevation_only,
point_alpha_corridor,39,15,clear,389,0,0,0,0,elevation_only,
point_alpha_corridor,0,16,clear,355,0,0,0,0,elevation_only,
point_alpha_corridor,1,16,clear,336,0,0,0,0,elevation_only,
point_alpha_corridor,2,16,clear,320,0,0,0,0,elevation_only,
point_alpha_corridor,3,16,clear,324,0,0,0,0,elevation_only,
point_alpha_corridor,4,16,clear,355,0,0,0,0,elevation_only,
point_alpha_corridor,5,16,clear,347,0,0,0,0,elevation_only,
point_alpha_corridor,6,16,clear,391,0,0,0,0,elevation_only,
point_alpha_corridor,7,16,clear,395,0,0,0,0,elevation_only,
point_alpha_corridor,8,16,clear,364,0,0,0,0,elevation_only,
point_alpha_corridor,9,16,clear,341,0,0,0,0,elevation_only,
point_alpha_corridor,10,16,clear,336,0,0,0,0,elevation_only,
point_alpha_corridor,11,16,clear,341,0,0,0,0,elevation_only,
point_alpha_corridor,12,16,clear,341,0,0,0,0,elevation_only,
point_alpha_corridor,13,16,clear,322,0,0,0,0,elevation_only,
point_alpha_corridor,14,16,clear,317,0,0,0,0,elevation_only,
point_alpha_corridor,15,16,clear,337,0,0,0,0,elevation_only,
point_alpha_corridor,16,16,clear,388,0,0,0,0,elevation_only,
point_alpha_corridor,17,16,clear,399,0,0,0,0,elevation_only,
point_alpha_corridor,18,16,clear,409,0,0,0,0,elevation_only,
point_alpha_corridor,19,16,clear,394,0,0,0,0,elevation_only,
point_alpha_corridor,20,16,clear,322,0,0,0,0,elevation_only,
point_alpha_corridor,21,16,clear,292,0,0,0,0,elevation_only,
point_alpha_corridor,22,16,clear,279,0,0,0,0,elevation_only,
point_alpha_corridor,23,16,clear,290,0,0,0,0,elevation_only,
point_alpha_corridor,24,16,clear,322,0,0,0,0,elevation_only,
point_alpha_corridor,25,16,clear,298,0,0,0,0,elevation_only,
point_alpha_corridor,26,16,clear,269,0,0,0,0,elevation_only,
point_alpha_corridor,27,16,clear,267,0,0,0,0,elevation_only,
point_alpha_corridor,28,16,clear,288,0,0,0,0,elevation_only,
point_alpha_corridor,29,16,clear,315,0,0,0,0,elevation_only,
point_alpha_corridor,30,16,clear,325,0,0,0,0,elevation_only,
point_alpha_corridor,31,16,clear,362,0,0,0,0,elevation_only,
point_alpha_corridor,32,16,clear,390,0,0,0,0,elevation_only,
point_alpha_corridor,33,16,clear,371,0,0,0,0,elevation_only,
point_alpha_corridor,34,16,clear,368,0,0,0,0,elevation_only,
point_alpha_corridor,35,16,clear,432,0,0,0,0,elevation_only,
point_alpha_corridor,36,16,clear,445,0,0,0,0,elevation_only,
point_alpha_corridor,37,16,clear,431,0,0,0,0,elevation_only,
point_alpha_corridor,38,16,clear,412,0,0,0,0,elevation_only,
point_alpha_corridor,39,16,clear,401,0,0,0,0,elevation_only,
point_alpha_corridor,0,17,clear,346,0,0,0,0,elevation_only,
point_alpha_corridor,1,17,clear,333,0,0,0,0,elevation_only,
point_alpha_corridor,2,17,clear,342,0,0,0,0,elevation_only,
point_alpha_corridor,3,17,clear,340,0,0,0,0,elevation_only,
point_alpha_corridor,4,17,clear,360,0,0,0,0,elevation_only,
point_alpha_corridor,5,17,clear,366,0,0,0,0,elevation_only,
point_alpha_corridor,6,17,clear,422,0,0,0,0,elevation_only,
point_alpha_corridor,7,17,clear,476,0,0,0,0,elevation_only,
point_alpha_corridor,8,17,clear,401,0,0,0,0,elevation_only,
point_alpha_corridor,9,17,clear,353,0,0,0,0,elevation_only,
point_alpha_corridor,10,17,clear,334,0,0,0,0,elevation_only,
point_alpha_corridor,11,17,clear,333,0,0,0,0,elevation_only,
point_alpha_corridor,12,17,clear,326,0,0,0,0,elevation_only,
point_alpha_corridor,13,17,clear,317,0,0,0,0,elevation_only,
point_alpha_corridor,14,17,clear,366,0,0,0,0,elevation_only,
point_alpha_corridor,15,17,clear,430,0,0,0,0,elevation_only,
point_alpha_corridor,16,17,clear,411,0,0,0,0,elevation_only,
point_alpha_corridor,17,17,clear,362,0,0,0,0,elevation_only,
point_alpha_corridor,18,17,clear,359,0,0,0,0,elevation_only,
point_alpha_corridor,19,17,clear,318,0,0,0,0,elevation_only,
point_alpha_corridor,20,17,clear,295,0,0,0,0,elevation_only,
point_alpha_corridor,21,17,clear,286,0,0,0,0,elevation_only,
point_alpha_corridor,22,17,clear,294,0,0,0,0,elevation_only,
point_alpha_corridor,23,17,clear,331,0,0,0,0,elevation_only,
point_alpha_corridor,24,17,clear,357,0,0,0,0,elevation_only,
point_alpha_corridor,25,17,clear,321,0,0,0,0,elevation_only,
point_alpha_corridor,26,17,clear,284,0,0,0,0,elevation_only,
point_alpha_corridor,27,17,clear,267,0,0,0,0,elevation_only,
point_alpha_corridor,28,17,clear,292,0,0,0,0,elevation_only,
point_alpha_corridor,29,17,clear,331,0,0,0,0,elevation_only,
point_alpha_corridor,30,17,clear,355,0,0,0,0,elevation_only,
point_alpha_corridor,31,17,clear,381,0,0,0,0,elevation_only,
point_alpha_corridor,32,17,clear,422,0,0,0,0,elevation_only,
point_alpha_corridor,33,17,clear,380,0,0,0,0,elevation_only,
point_alpha_corridor,34,17,clear,427,0,0,0,0,elevation_only,
point_alpha_corridor,35,17,clear,458,0,0,0,0,elevation_only,
point_alpha_corridor,36,17,clear,438,0,0,0,0,elevation_only,
point_alpha_corridor,37,17,clear,442,0,0,0,0,elevation_only,
point_alpha_corridor,38,17,clear,433,0,0,0,0,elevation_only,
point_alpha_corridor,39,17,clear,415,0,0,0,0,elevation_only,
point_alpha_corridor,0,18,clear,352,0,0,0,0,elevation_only,
point_alpha_corridor,1,18,clear,354,0,0,0,0,elevation_only,
point_alpha_corridor,2,18,clear,377,0,0,0,0,elevation_only,
point_alpha_corridor,3,18,clear,361,0,0,0,0,elevation_only,
point_alpha_corridor,4,18,clear,369,0,0,0,0,elevation_only,
point_alpha_corridor,5,18,clear,373,0,0,0,0,elevation_only,
point_alpha_corridor,6,18,clear,411,0,0,0,0,elevation_only,
point_alpha_corridor,7,18,clear,439,0,0,0,0,elevation_only,
point_alpha_corridor,8,18,clear,395,0,0,0,0,elevation_only,
point_alpha_corridor,9,18,clear,359,0,0,0,0,elevation_only,
point_alpha_corridor,10,18,clear,340,0,0,0,0,elevation_only,
point_alpha_corridor,11,18,clear,333,0,0,0,0,elevation_only,
point_alpha_corridor,12,18,clear,326,0,0,0,0,elevation_only,
point_alpha_corridor,13,18,clear,345,0,0,0,0,elevation_only,
point_alpha_corridor,14,18,clear,393,0,0,0,0,elevation_only,
point_alpha_corridor,15,18,clear,464,0,0,0,0,elevation_only,
point_alpha_corridor,16,18,clear,417,0,0,0,0,elevation_only,
point_alpha_corridor,17,18,clear,345,0,0,0,0,elevation_only,
point_alpha_corridor,18,18,clear,319,0,0,0,0,elevation_only,
point_alpha_corridor,19,18,clear,307,0,0,0,0,elevation_only,
point_alpha_corridor,20,18,clear,298,0,0,0,0,elevation_only,
point_alpha_corridor,21,18,clear,306,0,0,0,0,elevation_only,
point_alpha_corridor,22,18,clear,339,0,0,0,0,elevation_only,
point_alpha_corridor,23,18,clear,397,0,0,0,0,elevation_only,
point_alpha_corridor,24,18,clear,373,0,0,0,0,elevation_only,
point_alpha_corridor,25,18,clear,322,0,0,0,0,elevation_only,
point_alpha_corridor,26,18,clear,297,0,0,0,0,elevation_only,
point_alpha_corridor,27,18,clear,271,0,0,0,0,elevation_only,
point_alpha_corridor,28,18,clear,280,0,0,0,0,elevation_only,
point_alpha_corridor,29,18,clear,298,0,0,0,0,elevation_only,
point_alpha_corridor,30,18,clear,347,0,0,0,0,elevation_only,
point_alpha_corridor,31,18,clear,389,0,0,0,0,elevation_only,
point_alpha_corridor,32,18,clear,388,0,0,0,0,elevation_only,
point_alpha_corridor,33,18,clear,382,0,0,0,0,elevation_only,
point_alpha_corridor,34,18,clear,437,0,0,0,0,elevation_only,
point_alpha_corridor,35,18,clear,465,0,0,0,0,elevation_only,
point_alpha_corridor,36,18,clear,469,0,0,0,0,elevation_only,
point_alpha_corridor,37,18,clear,446,0,0,0,0,elevation_only,
point_alpha_corridor,38,18,clear,441,0,0,0,0,elevation_only,
point_alpha_corridor,39,18,clear,439,0,0,0,0,elevation_only,
point_alpha_corridor,0,19,clear,363,0,0,0,0,elevation_only,
point_alpha_corridor,1,19,clear,389,0,0,0,0,elevation_only,
point_alpha_corridor,2,19,clear,406,0,0,0,0,elevation_only,
point_alpha_corridor,3,19,clear,377,0,0,0,0,elevation_only,
point_alpha_corridor,4,19,clear,380,0,0,0,0,elevation_only,
point_alpha_corridor,5,19,clear,390,0,0,0,0,elevation_only,
point_alpha_corridor,6,19,clear,386,0,0,0,0,elevation_only,
point_alpha_corridor,7,19,clear,397,0,0,0,0,elevation_only,
point_alpha_corridor,8,19,clear,417,0,0,0,0,elevation_only,
point_alpha_corridor,9,19,clear,414,0,0,0,0,elevation_only,
point_alpha_corridor,10,19,clear,362,0,0,0,0,elevation_only,
point_alpha_corridor,11,19,clear,337,0,0,0,0,elevation_only,
point_alpha_corridor,12,19,clear,328,0,0,0,0,elevation_only,
point_alpha_corridor,13,19,clear,340,0,0,0,0,elevation_only,
point_alpha_corridor,14,19,clear,370,0,0,0,0,elevation_only,
point_alpha_corridor,15,19,clear,397,0,0,0,0,elevation_only,
point_alpha_corridor,16,19,clear,383,0,0,0,0,elevation_only,
point_alpha_corridor,17,19,clear,352,0,0,0,0,elevation_only,
point_alpha_corridor,18,19,clear,337,0,0,0,0,elevation_only,
point_alpha_corridor,19,19,clear,303,0,0,0,0,elevation_only,
point_alpha_corridor,20,19,clear,346,0,0,0,0,elevation_only,
point_alpha_corridor,21,19,clear,338,0,0,0,0,elevation_only,
point_alpha_corridor,22,19,clear,341,0,0,0,0,elevation_only,
point_alpha_corridor,23,19,clear,381,0,0,0,0,elevation_only,
point_alpha_corridor,24,19,clear,360,0,0,0,0,elevation_only,
point_alpha_corridor,25,19,clear,338,0,0,0,0,elevation_only,
point_alpha_corridor,26,19,clear,310,0,0,0,0,elevation_only,
point_alpha_corridor,27,19,clear,273,0,0,0,0,elevation_only,
point_alpha_corridor,28,19,clear,299,0,0,0,0,elevation_only,
point_alpha_corridor,29,19,clear,305,0,0,0,0,elevation_only,
point_alpha_corridor,30,19,clear,319,0,0,0,0,elevation_only,
point_alpha_corridor,31,19,clear,338,0,0,0,0,elevation_only,
point_alpha_corridor,32,19,clear,350,0,0,0,0,elevation_only,
point_alpha_corridor,33,19,clear,380,0,0,0,0,elevation_only,
point_alpha_corridor,34,19,clear,389,0,0,0,0,elevation_only,
point_alpha_corridor,35,19,clear,461,0,0,0,0,elevation_only,
point_alpha_corridor,36,19,clear,445,0,0,0,0,elevation_only,
point_alpha_corridor,37,19,clear,463,0,0,0,0,elevation_only,
point_alpha_corridor,38,19,clear,486,0,0,0,0,elevation_only,
point_alpha_corridor,39,19,clear,495,0,0,0,0,elevation_only,
point_alpha_corridor,0,20,clear,374,0,0,0,0,elevation_only,
point_alpha_corridor,1,20,clear,421,0,0,0,0,elevation_only,
point_alpha_corridor,2,20,clear,422,0,0,0,0,elevation_only,
point_alpha_corridor,3,20,clear,416,0,0,0,0,elevation_only,
point_alpha_corridor,4,20,clear,431,0,0,0,0,elevation_only,
point_alpha_corridor,5,20,clear,420,0,0,0,0,elevation_only,
point_alpha_corridor,6,20,clear,383,0,0,0,0,elevation_only,
point_alpha_corridor,7,20,clear,375,0,0,0,0,elevation_only,
point_alpha_corridor,8,20,clear,445,0,0,0,0,elevation_only,
point_alpha_corridor,9,20,clear,459,0,0,0,0,elevation_only,
point_alpha_corridor,10,20,clear,400,0,0,0,0,elevation_only,
point_alpha_corridor,11,20,clear,384,0,0,0,0,elevation_only,
point_alpha_corridor,12,20,clear,339,0,0,0,0,elevation_only,
point_alpha_corridor,13,20,clear,332,0,0,0,0,elevation_only,
point_alpha_corridor,14,20,clear,347,0,0,0,0,elevation_only,
point_alpha_corridor,15,20,clear,366,0,0,0,0,elevation_only,
point_alpha_corridor,16,20,clear,392,0,0,0,0,elevation_only,
point_alpha_corridor,17,20,clear,386,0,0,0,0,elevation_only,
point_alpha_corridor,18,20,clear,328,0,0,0,0,elevation_only,
point_alpha_corridor,19,20,clear,319,0,0,0,0,elevation_only,
point_alpha_corridor,20,20,clear,362,0,0,0,0,elevation_only,
point_alpha_corridor,21,20,clear,351,0,0,0,0,elevation_only,
point_alpha_corridor,22,20,clear,361,0,0,0,0,elevation_only,
point_alpha_corridor,23,20,clear,398,0,0,0,0,elevation_only,
point_alpha_corridor,24,20,clear,396,0,0,0,0,elevation_only,
point_alpha_corridor,25,20,clear,364,0,0,0,0,elevation_only,
point_alpha_corridor,26,20,clear,308,0,0,0,0,elevation_only,
point_alpha_corridor,27,20,clear,276,0,0,0,0,elevation_only,
point_alpha_corridor,28,20,clear,306,0,0,0,0,elevation_only,
point_alpha_corridor,29,20,clear,321,0,0,0,0,elevation_only,
point_alpha_corridor,30,20,clear,323,0,0,0,0,elevation_only,
point_alpha_corridor,31,20,clear,328,0,0,0,0,elevation_only,
point_alpha_corridor,32,20,clear,342,0,0,0,0,elevation_only,
point_alpha_corridor,33,20,clear,359,0,0,0,0,elevation_only,
point_alpha_corridor,34,20,clear,399,0,0,0,0,elevation_only,
point_alpha_corridor,35,20,clear,425,0,0,0,0,elevation_only,
point_alpha_corridor,36,20,clear,458,0,0,0,0,elevation_only,
point_alpha_corridor,37,20,clear,491,0,0,0,0,elevation_only,
point_alpha_corridor,38,20,clear,521,0,0,0,0,elevation_only,
point_alpha_corridor,39,20,clear,550,0,0,0,0,elevation_only,
point_alpha_corridor,0,21,clear,353,0,0,0,0,elevation_only,
point_alpha_corridor,1,21,clear,367,0,0,0,0,elevation_only,
point_alpha_corridor,2,21,clear,377,0,0,0,0,elevation_only,
point_alpha_corridor,3,21,clear,403,0,0,0,0,elevation_only,
point_alpha_corridor,4,21,clear,447,0,0,0,0,elevation_only,
point_alpha_corridor,5,21,clear,432,0,0,0,0,elevation_only,
point_alpha_corridor,6,21,clear,364,0,0,0,0,elevation_only,
point_alpha_corridor,7,21,clear,358,0,0,0,0,elevation_only,
point_alpha_corridor,8,21,clear,389,0,0,0,0,elevation_only,
point_alpha_corridor,9,21,clear,404,0,0,0,0,elevation_only,
point_alpha_corridor,10,21,clear,440,0,0,0,0,elevation_only,
point_alpha_corridor,11,21,clear,440,0,0,0,0,elevation_only,
point_alpha_corridor,12,21,clear,368,0,0,0,0,elevation_only,
point_alpha_corridor,13,21,clear,354,0,0,0,0,elevation_only,
point_alpha_corridor,14,21,clear,350,0,0,0,0,elevation_only,
point_alpha_corridor,15,21,clear,350,0,0,0,0,elevation_only,
point_alpha_corridor,16,21,clear,364,0,0,0,0,elevation_only,
point_alpha_corridor,17,21,clear,364,0,0,0,0,elevation_only,
point_alpha_corridor,18,21,clear,324,0,0,0,0,elevation_only,
point_alpha_corridor,19,21,clear,329,0,0,0,0,elevation_only,
point_alpha_corridor,20,21,clear,354,0,0,0,0,elevation_only,
point_alpha_corridor,21,21,clear,370,0,0,0,0,elevation_only,
point_alpha_corridor,22,21,clear,390,0,0,0,0,elevation_only,
point_alpha_corridor,23,21,clear,403,0,0,0,0,elevation_only,
point_alpha_corridor,24,21,clear,360,0,0,0,0,elevation_only,
point_alpha_corridor,25,21,clear,316,0,0,0,0,elevation_only,
point_alpha_corridor,26,21,clear,282,0,0,0,0,elevation_only,
point_alpha_corridor,27,21,clear,281,0,0,0,0,elevation_only,
point_alpha_corridor,28,21,clear,301,0,0,0,0,elevation_only,
point_alpha_corridor,29,21,clear,322,0,0,0,0,elevation_only,
point_alpha_corridor,30,21,clear,334,0,0,0,0,elevation_only,
point_alpha_corridor,31,21,clear,333,0,0,0,0,elevation_only,
point_alpha_corridor,32,21,clear,349,0,0,0,0,elevation_only,
point_alpha_corridor,33,21,clear,367,0,0,0,0,elevation_only,
point_alpha_corridor,34,21,clear,392,0,0,0,0,elevation_only,
point_alpha_corridor,35,21,clear,425,0,0,0,0,elevation_only,
point_alpha_corridor,36,21,clear,463,0,0,0,0,elevation_only,
point_alpha_corridor,37,21,clear,530,0,0,0,0,elevation_only,
point_alpha_corridor,38,21,clear,594,0,0,0,0,elevation_only,
point_alpha_corridor,39,21,clear,638,0,0,0,0,elevation_only,
point_alpha_corridor,0,22,clear,338,0,0,0,0,elevation_only,
point_alpha_corridor,1,22,clear,336,0,0,0,0,elevation_only,
point_alpha_corridor,2,22,clear,359,0,0,0,0,elevation_only,
point_alpha_corridor,3,22,clear,376,0,0,0,0,elevation_only,
point_alpha_corridor,4,22,clear,379,0,0,0,0,elevation_only,
point_alpha_corridor,5,22,clear,376,0,0,0,0,elevation_only,
point_alpha_corridor,6,22,clear,345,0,0,0,0,elevation_only,
point_alpha_corridor,7,22,clear,344,0,0,0,0,elevation_only,
point_alpha_corridor,8,22,clear,365,0,0,0,0,elevation_only,
point_alpha_corridor,9,22,clear,406,0,0,0,0,elevation_only,
point_alpha_corridor,10,22,clear,489,0,0,0,0,elevation_only,
point_alpha_corridor,11,22,clear,496,0,0,0,0,elevation_only,
point_alpha_corridor,12,22,clear,408,0,0,0,0,elevation_only,
point_alpha_corridor,13,22,clear,414,0,0,0,0,elevation_only,
point_alpha_corridor,14,22,clear,364,0,0,0,0,elevation_only,
point_alpha_corridor,15,22,clear,336,0,0,0,0,elevation_only,
point_alpha_corridor,16,22,clear,335,0,0,0,0,elevation_only,
point_alpha_corridor,17,22,clear,325,0,0,0,0,elevation_only,
point_alpha_corridor,18,22,clear,326,0,0,0,0,elevation_only,
point_alpha_corridor,19,22,clear,334,0,0,0,0,elevation_only,
point_alpha_corridor,20,22,clear,357,0,0,0,0,elevation_only,
point_alpha_corridor,21,22,clear,391,0,0,0,0,elevation_only,
point_alpha_corridor,22,22,clear,399,0,0,0,0,elevation_only,
point_alpha_corridor,23,22,clear,380,0,0,0,0,elevation_only,
point_alpha_corridor,24,22,clear,315,0,0,0,0,elevation_only,
point_alpha_corridor,25,22,clear,295,0,0,0,0,elevation_only,
point_alpha_corridor,26,22,clear,282,0,0,0,0,elevation_only,
point_alpha_corridor,27,22,clear,283,0,0,0,0,elevation_only,
point_alpha_corridor,28,22,clear,316,0,0,0,0,elevation_only,
point_alpha_corridor,29,22,clear,354,0,0,0,0,elevation_only,
point_alpha_corridor,30,22,clear,358,0,0,0,0,elevation_only,
point_alpha_corridor,31,22,clear,353,0,0,0,0,elevation_only,
point_alpha_corridor,32,22,clear,367,0,0,0,0,elevation_only,
point_alpha_corridor,33,22,clear,377,0,0,0,0,elevation_only,
point_alpha_corridor,34,22,clear,404,0,0,0,0,elevation_only,
point_alpha_corridor,35,22,clear,458,0,0,0,0,elevation_only,
point_alpha_corridor,36,22,clear,498,0,0,0,0,elevation_only,
point_alpha_corridor,37,22,clear,554,0,0,0,0,elevation_only,
point_alpha_corridor,38,22,clear,633,0,0,0,0,elevation_only,
point_alpha_corridor,39,22,clear,674,0,0,0,0,elevation_only,
point_alpha_corridor,0,23,clear,330,0,0,0,0,elevation_only,
point_alpha_corridor,1,23,clear,318,0,0,0,0,elevation_only,
point_alpha_corridor,2,23,clear,358,0,0,0,0,elevation_only,
point_alpha_corridor,3,23,clear,367,0,0,0,0,elevation_only,
point_alpha_corridor,4,23,clear,352,0,0,0,0,elevation_only,
point_alpha_corridor,5,23,clear,343,0,0,0,0,elevation_only,
point_alpha_corridor,6,23,clear,328,0,0,0,0,elevation_only,
point_alpha_corridor,7,23,clear,343,0,0,0,0,elevation_only,
point_alpha_corridor,8,23,clear,367,0,0,0,0,elevation_only,
point_alpha_corridor,9,23,clear,410,0,0,0,0,elevation_only,
point_alpha_corridor,10,23,clear,440,0,0,0,0,elevation_only,
point_alpha_corridor,11,23,clear,428,0,0,0,0,elevation_only,
point_alpha_corridor,12,23,clear,394,0,0,0,0,elevation_only,
point_alpha_corridor,13,23,clear,392,0,0,0,0,elevation_only,
point_alpha_corridor,14,23,clear,357,0,0,0,0,elevation_only,
point_alpha_corridor,15,23,clear,342,0,0,0,0,elevation_only,
point_alpha_corridor,16,23,clear,348,0,0,0,0,elevation_only,
point_alpha_corridor,17,23,clear,339,0,0,0,0,elevation_only,
point_alpha_corridor,18,23,clear,340,0,0,0,0,elevation_only,
point_alpha_corridor,19,23,clear,363,0,0,0,0,elevation_only,
point_alpha_corridor,20,23,clear,386,0,0,0,0,elevation_only,
point_alpha_corridor,21,23,clear,415,0,0,0,0,elevation_only,
point_alpha_corridor,22,23,clear,386,0,0,0,0,elevation_only,
point_alpha_corridor,23,23,clear,333,0,0,0,0,elevation_only,
point_alpha_corridor,24,23,clear,310,0,0,0,0,elevation_only,
point_alpha_corridor,25,23,clear,291,0,0,0,0,elevation_only,
point_alpha_corridor,26,23,clear,289,0,0,0,0,elevation_only,
point_alpha_corridor,27,23,clear,289,0,0,0,0,elevation_only,
point_alpha_corridor,28,23,clear,342,0,0,0,0,elevation_only,
point_alpha_corridor,29,23,clear,418,0,0,0,0,elevation_only,
point_alpha_corridor,30,23,clear,407,0,0,0,0,elevation_only,
point_alpha_corridor,31,23,clear,404,0,0,0,0,elevation_only,
point_alpha_corridor,32,23,clear,421,0,0,0,0,elevation_only,
point_alpha_corridor,33,23,clear,416,0,0,0,0,elevation_only,
point_alpha_corridor,34,23,clear,424,0,0,0,0,elevation_only,
point_alpha_corridor,35,23,clear,479,0,0,0,0,elevation_only,
point_alpha_corridor,36,23,clear,555,0,0,0,0,elevation_only,
point_alpha_corridor,37,23,clear,612,0,0,0,0,elevation_only,
point_alpha_corridor,38,23,clear,658,0,0,0,0,elevation_only,
point_alpha_corridor,39,23,clear,686,0,0,0,0,elevation_only,
point_alpha_corridor,0,24,clear,318,0,0,0,0,elevation_only,
point_alpha_corridor,1,24,clear,311,0,0,0,0,elevation_only,
point_alpha_corridor,2,24,clear,335,0,0,0,0,elevation_only,
point_alpha_corridor,3,24,clear,354,0,0,0,0,elevation_only,
point_alpha_corridor,4,24,clear,333,0,0,0,0,elevation_only,
point_alpha_corridor,5,24,clear,323,0,0,0,0,elevation_only,
point_alpha_corridor,6,24,clear,317,0,0,0,0,elevation_only,
point_alpha_corridor,7,24,clear,337,0,0,0,0,elevation_only,
point_alpha_corridor,8,24,clear,355,0,0,0,0,elevation_only,
point_alpha_corridor,9,24,clear,377,0,0,0,0,elevation_only,
point_alpha_corridor,10,24,clear,385,0,0,0,0,elevation_only,
point_alpha_corridor,11,24,clear,370,0,0,0,0,elevation_only,
point_alpha_corridor,12,24,clear,390,0,0,0,0,elevation_only,
point_alpha_corridor,13,24,clear,401,0,0,0,0,elevation_only,
point_alpha_corridor,14,24,clear,367,0,0,0,0,elevation_only,
point_alpha_corridor,15,24,clear,359,0,0,0,0,elevation_only,
point_alpha_corridor,16,24,clear,355,0,0,0,0,elevation_only,
point_alpha_corridor,17,24,clear,359,0,0,0,0,elevation_only,
point_alpha_corridor,18,24,clear,374,0,0,0,0,elevation_only,
point_alpha_corridor,19,24,clear,393,0,0,0,0,elevation_only,
point_alpha_corridor,20,24,clear,401,0,0,0,0,elevation_only,
point_alpha_corridor,21,24,clear,375,0,0,0,0,elevation_only,
point_alpha_corridor,22,24,clear,363,0,0,0,0,elevation_only,
point_alpha_corridor,23,24,clear,315,0,0,0,0,elevation_only,
point_alpha_corridor,24,24,clear,297,0,0,0,0,elevation_only,
point_alpha_corridor,25,24,clear,297,0,0,0,0,elevation_only,
point_alpha_corridor,26,24,clear,286,0,0,0,0,elevation_only,
point_alpha_corridor,27,24,clear,300,0,0,0,0,elevation_only,
point_alpha_corridor,28,24,clear,357,0,0,0,0,elevation_only,
point_alpha_corridor,29,24,clear,456,0,0,0,0,elevation_only,
point_alpha_corridor,30,24,clear,441,0,0,0,0,elevation_only,
point_alpha_corridor,31,24,clear,438,0,0,0,0,elevation_only,
point_alpha_corridor,32,24,clear,445,0,0,0,0,elevation_only,
point_alpha_corridor,33,24,clear,467,0,0,0,0,elevation_only,
point_alpha_corridor,34,24,clear,476,0,0,0,0,elevation_only,
point_alpha_corridor,35,24,clear,512,0,0,0,0,elevation_only,
point_alpha_corridor,36,24,clear,579,0,0,0,0,elevation_only,
point_alpha_corridor,37,24,clear,651,0,0,0,0,elevation_only,
point_alpha_corridor,38,24,clear,687,0,0,0,0,elevation_only,
point_alpha_corridor,39,24,clear,653,0,0,0,0,elevation_only,
point_alpha_corridor,0,25,clear,308,0,0,0,0,elevation_only,
point_alpha_corridor,1,25,clear,314,0,0,0,0,elevation_only,
point_alpha_corridor,2,25,clear,338,0,0,0,0,elevation_only,
point_alpha_corridor,3,25,clear,344,0,0,0,0,elevation_only,
point_alpha_corridor,4,25,clear,328,0,0,0,0,elevation_only,
point_alpha_corridor,5,25,clear,324,0,0,0,0,elevation_only,
point_alpha_corridor,6,25,clear,315,0,0,0,0,elevation_only,
point_alpha_corridor,7,25,clear,343,0,0,0,0,elevation_only,
point_alpha_corridor,8,25,clear,337,0,0,0,0,elevation_only,
point_alpha_corridor,9,25,clear,338,0,0,0,0,elevation_only,
point_alpha_corridor,10,25,clear,347,0,0,0,0,elevation_only,
point_alpha_corridor,11,25,clear,361,0,0,0,0,elevation_only,
point_alpha_corridor,12,25,clear,399,0,0,0,0,elevation_only,
point_alpha_corridor,13,25,clear,430,0,0,0,0,elevation_only,
point_alpha_corridor,14,25,clear,420,0,0,0,0,elevation_only,
point_alpha_corridor,15,25,clear,406,0,0,0,0,elevation_only,
point_alpha_corridor,16,25,clear,394,0,0,0,0,elevation_only,
point_alpha_corridor,17,25,clear,371,0,0,0,0,elevation_only,
point_alpha_corridor,18,25,clear,381,0,0,0,0,elevation_only,
point_alpha_corridor,19,25,clear,392,0,0,0,0,elevation_only,
point_alpha_corridor,20,25,clear,380,0,0,0,0,elevation_only,
point_alpha_corridor,21,25,clear,350,0,0,0,0,elevation_only,
point_alpha_corridor,22,25,clear,330,0,0,0,0,elevation_only,
point_alpha_corridor,23,25,clear,304,0,0,0,0,elevation_only,
point_alpha_corridor,24,25,clear,320,0,0,0,0,elevation_only,
point_alpha_corridor,25,25,clear,290,0,0,0,0,elevation_only,
point_alpha_corridor,26,25,clear,292,0,0,0,0,elevation_only,
point_alpha_corridor,27,25,clear,306,0,0,0,0,elevation_only,
point_alpha_corridor,28,25,clear,337,0,0,0,0,elevation_only,
point_alpha_corridor,29,25,clear,385,0,0,0,0,elevation_only,
point_alpha_corridor,30,25,clear,417,0,0,0,0,elevation_only,
point_alpha_corridor,31,25,clear,398,0,0,0,0,elevation_only,
point_alpha_corridor,32,25,clear,409,0,0,0,0,elevation_only,
point_alpha_corridor,33,25,clear,407,0,0,0,0,elevation_only,
point_alpha_corridor,34,25,clear,427,0,0,0,0,elevation_only,
point_alpha_corridor,35,25,clear,439,0,0,0,0,elevation_only,
point_alpha_corridor,36,25,clear,503,0,0,0,0,elevation_only,
point_alpha_corridor,37,25,clear,568,0,0,0,0,elevation_only,
point_alpha_corridor,38,25,clear,610,0,0,0,0,elevation_only,
point_alpha_corridor,39,25,clear,572,0,0,0,0,elevation_only,
point_alpha_corridor,0,26,clear,313,0,0,0,0,elevation_only,
point_alpha_corridor,1,26,clear,325,0,0,0,0,elevation_only,
point_alpha_corridor,2,26,clear,328,0,0,0,0,elevation_only,
point_alpha_corridor,3,26,clear,339,0,0,0,0,elevation_only,
point_alpha_corridor,4,26,clear,322,0,0,0,0,elevation_only,
point_alpha_corridor,5,26,clear,305,0,0,0,0,elevation_only,
point_alpha_corridor,6,26,clear,320,0,0,0,0,elevation_only,
point_alpha_corridor,7,26,clear,320,0,0,0,0,elevation_only,
point_alpha_corridor,8,26,clear,319,0,0,0,0,elevation_only,
point_alpha_corridor,9,26,clear,329,0,0,0,0,elevation_only,
point_alpha_corridor,10,26,clear,343,0,0,0,0,elevation_only,
point_alpha_corridor,11,26,clear,359,0,0,0,0,elevation_only,
point_alpha_corridor,12,26,clear,375,0,0,0,0,elevation_only,
point_alpha_corridor,13,26,clear,418,0,0,0,0,elevation_only,
point_alpha_corridor,14,26,clear,487,0,0,0,0,elevation_only,
point_alpha_corridor,15,26,clear,474,0,0,0,0,elevation_only,
point_alpha_corridor,16,26,clear,438,0,0,0,0,elevation_only,
point_alpha_corridor,17,26,clear,401,0,0,0,0,elevation_only,
point_alpha_corridor,18,26,clear,397,0,0,0,0,elevation_only,
point_alpha_corridor,19,26,clear,394,0,0,0,0,elevation_only,
point_alpha_corridor,20,26,clear,388,0,0,0,0,elevation_only,
point_alpha_corridor,21,26,clear,357,0,0,0,0,elevation_only,
point_alpha_corridor,22,26,clear,329,0,0,0,0,elevation_only,
point_alpha_corridor,23,26,clear,313,0,0,0,0,elevation_only,
point_alpha_corridor,24,26,clear,366,0,0,0,0,elevation_only,
point_alpha_corridor,25,26,clear,296,0,0,0,0,elevation_only,
point_alpha_corridor,26,26,clear,297,0,0,0,0,elevation_only,
point_alpha_corridor,27,26,clear,310,0,0,0,0,elevation_only,
point_alpha_corridor,28,26,clear,323,0,0,0,0,elevation_only,
point_alpha_corridor,29,26,clear,350,0,0,0,0,elevation_only,
point_alpha_corridor,30,26,clear,370,0,0,0,0,elevation_only,
point_alpha_corridor,31,26,clear,350,0,0,0,0,elevation_only,
point_alpha_corridor,32,26,clear,364,0,0,0,0,elevation_only,
point_alpha_corridor,33,26,clear,398,0,0,0,0,elevation_only,
point_alpha_corridor,34,26,clear,421,0,0,0,0,elevation_only,
point_alpha_corridor,35,26,clear,433,0,0,0,0,elevation_only,
point_alpha_corridor,36,26,clear,426,0,0,0,0,elevation_only,
point_alpha_corridor,37,26,clear,466,0,0,0,0,elevation_only,
point_alpha_corridor,38,26,clear,513,0,0,0,0,elevation_only,
point_alpha_corridor,39,26,clear,490,0,0,0,0,elevation_only,
point_alpha_corridor,0,27,clear,318,0,0,0,0,elevation_only,
point_alpha_corridor,1,27,clear,317,0,0,0,0,elevation_only,
point_alpha_corridor,2,27,clear,307,0,0,0,0,elevation_only,
point_alpha_corridor,3,27,clear,325,0,0,0,0,elevation_only,
point_alpha_corridor,4,27,clear,318,0,0,0,0,elevation_only,
point_alpha_corridor,5,27,clear,298,0,0,0,0,elevation_only,
point_alpha_corridor,6,27,clear,308,0,0,0,0,elevation_only,
point_alpha_corridor,7,27,clear,320,0,0,0,0,elevation_only,
point_alpha_corridor,8,27,clear,332,0,0,0,0,elevation_only,
point_alpha_corridor,9,27,clear,338,0,0,0,0,elevation_only,
point_alpha_corridor,10,27,clear,346,0,0,0,0,elevation_only,
point_alpha_corridor,11,27,clear,348,0,0,0,0,elevation_only,
point_alpha_corridor,12,27,clear,372,0,0,0,0,elevation_only,
point_alpha_corridor,13,27,clear,430,0,0,0,0,elevation_only,
point_alpha_corridor,14,27,clear,504,0,0,0,0,elevation_only,
point_alpha_corridor,15,27,clear,506,0,0,0,0,elevation_only,
point_alpha_corridor,16,27,clear,439,0,0,0,0,elevation_only,
point_alpha_corridor,17,27,clear,433,0,0,0,0,elevation_only,
point_alpha_corridor,18,27,clear,398,0,0,0,0,elevation_only,
point_alpha_corridor,19,27,clear,377,0,0,0,0,elevation_only,
point_alpha_corridor,20,27,clear,363,0,0,0,0,elevation_only,
point_alpha_corridor,21,27,clear,345,0,0,0,0,elevation_only,
point_alpha_corridor,22,27,clear,332,0,0,0,0,elevation_only,
point_alpha_corridor,23,27,clear,318,0,0,0,0,elevation_only,
point_alpha_corridor,24,27,clear,352,0,0,0,0,elevation_only,
point_alpha_corridor,25,27,clear,333,0,0,0,0,elevation_only,
point_alpha_corridor,26,27,clear,298,0,0,0,0,elevation_only,
point_alpha_corridor,27,27,clear,304,0,0,0,0,elevation_only,
point_alpha_corridor,28,27,clear,326,0,0,0,0,elevation_only,
point_alpha_corridor,29,27,clear,338,0,0,0,0,elevation_only,
point_alpha_corridor,30,27,clear,350,0,0,0,0,elevation_only,
point_alpha_corridor,31,27,clear,365,0,0,0,0,elevation_only,
point_alpha_corridor,32,27,clear,393,0,0,0,0,elevation_only,
point_alpha_corridor,33,27,clear,436,0,0,0,0,elevation_only,
point_alpha_corridor,34,27,clear,471,0,0,0,0,elevation_only,
point_alpha_corridor,35,27,clear,504,0,0,0,0,elevation_only,
point_alpha_corridor,36,27,clear,510,0,0,0,0,elevation_only,
point_alpha_corridor,37,27,clear,478,0,0,0,0,elevation_only,
point_alpha_corridor,38,27,clear,465,0,0,0,0,elevation_only,
point_alpha_corridor,39,27,clear,501,0,0,0,0,elevation_only,
point_alpha_corridor,0,28,clear,309,0,0,0,0,elevation_only,
point_alpha_corridor,1,28,clear,294,0,0,0,0,elevation_only,
point_alpha_corridor,2,28,clear,303,0,0,0,0,elevation_only,
point_alpha_corridor,3,28,clear,315,0,0,0,0,elevation_only,
point_alpha_corridor,4,28,clear,310,0,0,0,0,elevation_only,
point_alpha_corridor,5,28,clear,294,0,0,0,0,elevation_only,
point_alpha_corridor,6,28,clear,324,0,0,0,0,elevation_only,
point_alpha_corridor,7,28,clear,334,0,0,0,0,elevation_only,
point_alpha_corridor,8,28,clear,350,0,0,0,0,elevation_only,
point_alpha_corridor,9,28,clear,373,0,0,0,0,elevation_only,
point_alpha_corridor,10,28,clear,380,0,0,0,0,elevation_only,
point_alpha_corridor,11,28,clear,359,0,0,0,0,elevation_only,
point_alpha_corridor,12,28,clear,387,0,0,0,0,elevation_only,
point_alpha_corridor,13,28,clear,458,0,0,0,0,elevation_only,
point_alpha_corridor,14,28,clear,523,0,0,0,0,elevation_only,
point_alpha_corridor,15,28,clear,508,0,0,0,0,elevation_only,
point_alpha_corridor,16,28,clear,452,0,0,0,0,elevation_only,
point_alpha_corridor,17,28,clear,413,0,0,0,0,elevation_only,
point_alpha_corridor,18,28,clear,378,0,0,0,0,elevation_only,
point_alpha_corridor,19,28,clear,377,0,0,0,0,elevation_only,
point_alpha_corridor,20,28,clear,368,0,0,0,0,elevation_only,
point_alpha_corridor,21,28,clear,346,0,0,0,0,elevation_only,
point_alpha_corridor,22,28,clear,338,0,0,0,0,elevation_only,
point_alpha_corridor,23,28,clear,336,0,0,0,0,elevation_only,
point_alpha_corridor,24,28,clear,368,0,0,0,0,elevation_only,
point_alpha_corridor,25,28,clear,413,0,0,0,0,elevation_only,
point_alpha_corridor,26,28,clear,333,0,0,0,0,elevation_only,
point_alpha_corridor,27,28,clear,300,0,0,0,0,elevation_only,
point_alpha_corridor,28,28,clear,323,0,0,0,0,elevation_only,
point_alpha_corridor,29,28,clear,342,0,0,0,0,elevation_only,
point_alpha_corridor,30,28,clear,349,0,0,0,0,elevation_only,
point_alpha_corridor,31,28,clear,369,0,0,0,0,elevation_only,
point_alpha_corridor,32,28,clear,432,0,0,0,0,elevation_only,
point_alpha_corridor,33,28,clear,503,0,0,0,0,elevation_only,
point_alpha_corridor,34,28,clear,543,0,0,0,0,elevation_only,
point_alpha_corridor,35,28,clear,579,0,0,0,0,elevation_only,
point_alpha_corridor,36,28,clear,609,0,0,0,0,elevation_only,
point_alpha_corridor,37,28,clear,566,0,0,0,0,elevation_only,
point_alpha_corridor,38,28,clear,517,0,0,0,0,elevation_only,
point_alpha_corridor,39,28,clear,494,0,0,0,0,elevation_only,
point_alpha_corridor,0,29,clear,288,0,0,0,0,elevation_only,
point_alpha_corridor,1,29,clear,303,0,0,0,0,elevation_only,
point_alpha_corridor,2,29,clear,308,0,0,0,0,elevation_only,
point_alpha_corridor,3,29,clear,304,0,0,0,0,elevation_only,
point_alpha_corridor,4,29,clear,291,0,0,0,0,elevation_only,
point_alpha_corridor,5,29,clear,295,0,0,0,0,elevation_only,
point_alpha_corridor,6,29,clear,317,0,0,0,0,elevation_only,
point_alpha_corridor,7,29,clear,338,0,0,0,0,elevation_only,
point_alpha_corridor,8,29,clear,369,0,0,0,0,elevation_only,
point_alpha_corridor,9,29,clear,432,0,0,0,0,elevation_only,
point_alpha_corridor,10,29,clear,432,0,0,0,0,elevation_only,
point_alpha_corridor,11,29,clear,380,0,0,0,0,elevation_only,
point_alpha_corridor,12,29,clear,384,0,0,0,0,elevation_only,
point_alpha_corridor,13,29,clear,425,0,0,0,0,elevation_only,
point_alpha_corridor,14,29,clear,471,0,0,0,0,elevation_only,
point_alpha_corridor,15,29,clear,454,0,0,0,0,elevation_only,
point_alpha_corridor,16,29,clear,417,0,0,0,0,elevation_only,
point_alpha_corridor,17,29,clear,401,0,0,0,0,elevation_only,
point_alpha_corridor,18,29,clear,402,0,0,0,0,elevation_only,
point_alpha_corridor,19,29,clear,388,0,0,0,0,elevation_only,
point_alpha_corridor,20,29,clear,374,0,0,0,0,elevation_only,
point_alpha_corridor,21,29,clear,373,0,0,0,0,elevation_only,
point_alpha_corridor,22,29,clear,354,0,0,0,0,elevation_only,
point_alpha_corridor,23,29,clear,336,0,0,0,0,elevation_only,
point_alpha_corridor,24,29,clear,384,0,0,0,0,elevation_only,
point_alpha_corridor,25,29,clear,426,0,0,0,0,elevation_only,
point_alpha_corridor,26,29,clear,401,0,0,0,0,elevation_only,
point_alpha_corridor,27,29,clear,317,0,0,0,0,elevation_only,
point_alpha_corridor,28,29,clear,315,0,0,0,0,elevation_only,
point_alpha_corridor,29,29,clear,336,0,0,0,0,elevation_only,
point_alpha_corridor,30,29,clear,353,0,0,0,0,elevation_only,
point_alpha_corridor,31,29,clear,383,0,0,0,0,elevation_only,
point_alpha_corridor,32,29,clear,453,0,0,0,0,elevation_only,
point_alpha_corridor,33,29,clear,541,0,0,0,0,elevation_only,
point_alpha_corridor,34,29,clear,627,0,0,0,0,elevation_only,
point_alpha_corridor,35,29,clear,658,0,0,0,0,elevation_only,
point_alpha_corridor,36,29,clear,677,0,0,0,0,elevation_only,
point_alpha_corridor,37,29,clear,617,0,0,0,0,elevation_only,
point_alpha_corridor,38,29,clear,559,0,0,0,0,elevation_only,
point_alpha_corridor,39,29,clear,510,0,0,0,0,elevation_only,
point_alpha_corridor,0,30,clear,278,0,0,0,0,elevation_only,
point_alpha_corridor,1,30,clear,299,0,0,0,0,elevation_only,
point_alpha_corridor,2,30,clear,281,0,0,0,0,elevation_only,
point_alpha_corridor,3,30,clear,282,0,0,0,0,elevation_only,
point_alpha_corridor,4,30,clear,305,0,0,0,0,elevation_only,
point_alpha_corridor,5,30,clear,350,0,0,0,0,elevation_only,
point_alpha_corridor,6,30,clear,326,0,0,0,0,elevation_only,
point_alpha_corridor,7,30,clear,358,0,0,0,0,elevation_only,
point_alpha_corridor,8,30,clear,386,0,0,0,0,elevation_only,
point_alpha_corridor,9,30,clear,449,0,0,0,0,elevation_only,
point_alpha_corridor,10,30,clear,450,0,0,0,0,elevation_only,
point_alpha_corridor,11,30,clear,399,0,0,0,0,elevation_only,
point_alpha_corridor,12,30,clear,407,0,0,0,0,elevation_only,
point_alpha_corridor,13,30,clear,414,0,0,0,0,elevation_only,
point_alpha_corridor,14,30,clear,465,0,0,0,0,elevation_only,
point_alpha_corridor,15,30,clear,486,0,0,0,0,elevation_only,
point_alpha_corridor,16,30,clear,439,0,0,0,0,elevation_only,
point_alpha_corridor,17,30,clear,438,0,0,0,0,elevation_only,
point_alpha_corridor,18,30,clear,417,0,0,0,0,elevation_only,
point_alpha_corridor,19,30,clear,395,0,0,0,0,elevation_only,
point_alpha_corridor,20,30,clear,405,0,0,0,0,elevation_only,
point_alpha_corridor,21,30,clear,405,0,0,0,0,elevation_only,
point_alpha_corridor,22,30,clear,360,0,0,0,0,elevation_only,
point_alpha_corridor,23,30,clear,341,0,0,0,0,elevation_only,
point_alpha_corridor,24,30,clear,383,0,0,0,0,elevation_only,
point_alpha_corridor,25,30,clear,435,0,0,0,0,elevation_only,
point_alpha_corridor,26,30,clear,437,0,0,0,0,elevation_only,
point_alpha_corridor,27,30,clear,359,0,0,0,0,elevation_only,
point_alpha_corridor,28,30,clear,309,0,0,0,0,elevation_only,
point_alpha_corridor,29,30,clear,327,0,0,0,0,elevation_only,
point_alpha_corridor,30,30,clear,358,0,0,0,0,elevation_only,
point_alpha_corridor,31,30,clear,399,0,0,0,0,elevation_only,
point_alpha_corridor,32,30,clear,456,0,0,0,0,elevation_only,
point_alpha_corridor,33,30,clear,532,0,0,0,0,elevation_only,
point_alpha_corridor,34,30,clear,606,0,0,0,0,elevation_only,
point_alpha_corridor,35,30,clear,671,0,0,0,0,elevation_only,
point_alpha_corridor,36,30,clear,686,0,0,0,0,elevation_only,
point_alpha_corridor,37,30,clear,649,0,0,0,0,elevation_only,
point_alpha_corridor,38,30,clear,577,0,0,0,0,elevation_only,
point_alpha_corridor,39,30,clear,554,0,0,0,0,elevation_only,
point_alpha_corridor,0,31,clear,267,0,0,0,0,elevation_only,
point_alpha_corridor,1,31,clear,268,0,0,0,0,elevation_only,
point_alpha_corridor,2,31,clear,282,0,0,0,0,elevation_only,
point_alpha_corridor,3,31,clear,312,0,0,0,0,elevation_only,
point_alpha_corridor,4,31,clear,343,0,0,0,0,elevation_only,
point_alpha_corridor,5,31,clear,372,0,0,0,0,elevation_only,
point_alpha_corridor,6,31,clear,364,0,0,0,0,elevation_only,
point_alpha_corridor,7,31,clear,382,0,0,0,0,elevation_only,
point_alpha_corridor,8,31,clear,403,0,0,0,0,elevation_only,
point_alpha_corridor,9,31,clear,457,0,0,0,0,elevation_only,
point_alpha_corridor,10,31,clear,475,0,0,0,0,elevation_only,
point_alpha_corridor,11,31,clear,442,0,0,0,0,elevation_only,
point_alpha_corridor,12,31,clear,424,0,0,0,0,elevation_only,
point_alpha_corridor,13,31,clear,433,0,0,0,0,elevation_only,
point_alpha_corridor,14,31,clear,497,0,0,0,0,elevation_only,
point_alpha_corridor,15,31,clear,529,0,0,0,0,elevation_only,
point_alpha_corridor,16,31,clear,482,0,0,0,0,elevation_only,
point_alpha_corridor,17,31,clear,469,0,0,0,0,elevation_only,
point_alpha_corridor,18,31,clear,422,0,0,0,0,elevation_only,
point_alpha_corridor,19,31,clear,414,0,0,0,0,elevation_only,
point_alpha_corridor,20,31,clear,413,0,0,0,0,elevation_only,
point_alpha_corridor,21,31,clear,376,0,0,0,0,elevation_only,
point_alpha_corridor,22,31,clear,355,0,0,0,0,elevation_only,
point_alpha_corridor,23,31,clear,346,0,0,0,0,elevation_only,
point_alpha_corridor,24,31,clear,398,0,0,0,0,elevation_only,
point_alpha_corridor,25,31,clear,427,0,0,0,0,elevation_only,
point_alpha_corridor,26,31,clear,373,0,0,0,0,elevation_only,
point_alpha_corridor,27,31,clear,336,0,0,0,0,elevation_only,
point_alpha_corridor,28,31,clear,317,0,0,0,0,elevation_only,
point_alpha_corridor,29,31,clear,313,0,0,0,0,elevation_only,
point_alpha_corridor,30,31,clear,341,0,0,0,0,elevation_only,
point_alpha_corridor,31,31,clear,383,0,0,0,0,elevation_only,
point_alpha_corridor,32,31,clear,445,0,0,0,0,elevation_only,
point_alpha_corridor,33,31,clear,517,0,0,0,0,elevation_only,
point_alpha_corridor,34,31,clear,567,0,0,0,0,elevation_only,
point_alpha_corridor,35,31,clear,609,0,0,0,0,elevation_only,
point_alpha_corridor,36,31,clear,651,0,0,0,0,elevation_only,
point_alpha_corridor,37,31,clear,639,0,0,0,0,elevation_only,
point_alpha_corridor,38,31,clear,615,0,0,0,0,elevation_only,
point_alpha_corridor,39,31,clear,614,0,0,0,0,elevation_only,
point_alpha_corridor,0,32,clear,268,0,0,0,0,elevation_only,
point_alpha_corridor,1,32,clear,289,0,0,0,0,elevation_only,
point_alpha_corridor,2,32,clear,329,0,0,0,0,elevation_only,
point_alpha_corridor,3,32,clear,332,0,0,0,0,elevation_only,
point_alpha_corridor,4,32,clear,359,0,0,0,0,elevation_only,
point_alpha_corridor,5,32,clear,366,0,0,0,0,elevation_only,
point_alpha_corridor,6,32,clear,377,0,0,0,0,elevation_only,
point_alpha_corridor,7,32,clear,386,0,0,0,0,elevation_only,
point_alpha_corridor,8,32,clear,406,0,0,0,0,elevation_only,
point_alpha_corridor,9,32,clear,465,0,0,0,0,elevation_only,
point_alpha_corridor,10,32,clear,498,0,0,0,0,elevation_only,
point_alpha_corridor,11,32,clear,475,0,0,0,0,elevation_only,
point_alpha_corridor,12,32,clear,453,0,0,0,0,elevation_only,
point_alpha_corridor,13,32,clear,458,0,0,0,0,elevation_only,
point_alpha_corridor,14,32,clear,499,0,0,0,0,elevation_only,
point_alpha_corridor,15,32,clear,525,0,0,0,0,elevation_only,
point_alpha_corridor,16,32,clear,530,0,0,0,0,elevation_only,
point_alpha_corridor,17,32,clear,478,0,0,0,0,elevation_only,
point_alpha_corridor,18,32,clear,433,0,0,0,0,elevation_only,
point_alpha_corridor,19,32,clear,408,0,0,0,0,elevation_only,
point_alpha_corridor,20,32,clear,391,0,0,0,0,elevation_only,
point_alpha_corridor,21,32,clear,369,0,0,0,0,elevation_only,
point_alpha_corridor,22,32,clear,358,0,0,0,0,elevation_only,
point_alpha_corridor,23,32,clear,360,0,0,0,0,elevation_only,
point_alpha_corridor,24,32,clear,410,0,0,0,0,elevation_only,
point_alpha_corridor,25,32,clear,417,0,0,0,0,elevation_only,
point_alpha_corridor,26,32,clear,361,0,0,0,0,elevation_only,
point_alpha_corridor,27,32,clear,343,0,0,0,0,elevation_only,
point_alpha_corridor,28,32,clear,326,0,0,0,0,elevation_only,
point_alpha_corridor,29,32,clear,322,0,0,0,0,elevation_only,
point_alpha_corridor,30,32,clear,322,0,0,0,0,elevation_only,
point_alpha_corridor,31,32,clear,354,0,0,0,0,elevation_only,
point_alpha_corridor,32,32,clear,395,0,0,0,0,elevation_only,
point_alpha_corridor,33,32,clear,454,0,0,0,0,elevation_only,
point_alpha_corridor,34,32,clear,525,0,0,0,0,elevation_only,
point_alpha_corridor,35,32,clear,558,0,0,0,0,elevation_only,
point_alpha_corridor,36,32,clear,582,0,0,0,0,elevation_only,
point_alpha_corridor,37,32,clear,584,0,0,0,0,elevation_only,
point_alpha_corridor,38,32,clear,613,0,0,0,0,elevation_only,
point_alpha_corridor,39,32,clear,615,0,0,0,0,elevation_only,
point_alpha_corridor,0,33,clear,275,0,0,0,0,elevation_only,
point_alpha_corridor,1,33,clear,298,0,0,0,0,elevation_only,
point_alpha_corridor,2,33,clear,323,0,0,0,0,elevation_only,
point_alpha_corridor,3,33,clear,339,0,0,0,0,elevation_only,
point_alpha_corridor,4,33,clear,340,0,0,0,0,elevation_only,
point_alpha_corridor,5,33,clear,328,0,0,0,0,elevation_only,
point_alpha_corridor,6,33,clear,350,0,0,0,0,elevation_only,
point_alpha_corridor,7,33,clear,369,0,0,0,0,elevation_only,
point_alpha_corridor,8,33,clear,422,0,0,0,0,elevation_only,
point_alpha_corridor,9,33,clear,479,0,0,0,0,elevation_only,
point_alpha_corridor,10,33,clear,517,0,0,0,0,elevation_only,
point_alpha_corridor,11,33,clear,491,0,0,0,0,elevation_only,
point_alpha_corridor,12,33,clear,456,0,0,0,0,elevation_only,
point_alpha_corridor,13,33,clear,493,0,0,0,0,elevation_only,
point_alpha_corridor,14,33,clear,480,0,0,0,0,elevation_only,
point_alpha_corridor,15,33,clear,516,0,0,0,0,elevation_only,
point_alpha_corridor,16,33,clear,532,0,0,0,0,elevation_only,
point_alpha_corridor,17,33,clear,492,0,0,0,0,elevation_only,
point_alpha_corridor,18,33,clear,439,0,0,0,0,elevation_only,
point_alpha_corridor,19,33,clear,410,0,0,0,0,elevation_only,
point_alpha_corridor,20,33,clear,390,0,0,0,0,elevation_only,
point_alpha_corridor,21,33,clear,372,0,0,0,0,elevation_only,
point_alpha_corridor,22,33,clear,362,0,0,0,0,elevation_only,
point_alpha_corridor,23,33,clear,374,0,0,0,0,elevation_only,
point_alpha_corridor,24,33,clear,413,0,0,0,0,elevation_only,
point_alpha_corridor,25,33,clear,397,0,0,0,0,elevation_only,
point_alpha_corridor,26,33,clear,349,0,0,0,0,elevation_only,
point_alpha_corridor,27,33,clear,337,0,0,0,0,elevation_only,
point_alpha_corridor,28,33,clear,335,0,0,0,0,elevation_only,
point_alpha_corridor,29,33,clear,345,0,0,0,0,elevation_only,
point_alpha_corridor,30,33,clear,333,0,0,0,0,elevation_only,
point_alpha_corridor,31,33,clear,328,0,0,0,0,elevation_only,
point_alpha_corridor,32,33,clear,364,0,0,0,0,elevation_only,
point_alpha_corridor,33,33,clear,402,0,0,0,0,elevation_only,
point_alpha_corridor,34,33,clear,446,0,0,0,0,elevation_only,
point_alpha_corridor,35,33,clear,481,0,0,0,0,elevation_only,
point_alpha_corridor,36,33,clear,501,0,0,0,0,elevation_only,
point_alpha_corridor,37,33,clear,541,0,0,0,0,elevation_only,
point_alpha_corridor,38,33,clear,557,0,0,0,0,elevation_only,
point_alpha_corridor,39,33,clear,603,0,0,0,0,elevation_only,
point_alpha_corridor,0,34,clear,290,0,0,0,0,elevation_only,
point_alpha_corridor,1,34,clear,310,0,0,0,0,elevation_only,
point_alpha_corridor,2,34,clear,321,0,0,0,0,elevation_only,
point_alpha_corridor,3,34,clear,317,0,0,0,0,elevation_only,
point_alpha_corridor,4,34,clear,316,0,0,0,0,elevation_only,
point_alpha_corridor,5,34,clear,316,0,0,0,0,elevation_only,
point_alpha_corridor,6,34,clear,374,0,0,0,0,elevation_only,
point_alpha_corridor,7,34,clear,400,0,0,0,0,elevation_only,
point_alpha_corridor,8,34,clear,431,0,0,0,0,elevation_only,
point_alpha_corridor,9,34,clear,501,0,0,0,0,elevation_only,
point_alpha_corridor,10,34,clear,533,0,0,0,0,elevation_only,
point_alpha_corridor,11,34,clear,491,0,0,0,0,elevation_only,
point_alpha_corridor,12,34,clear,452,0,0,0,0,elevation_only,
point_alpha_corridor,13,34,clear,520,0,0,0,0,elevation_only,
point_alpha_corridor,14,34,clear,457,0,0,0,0,elevation_only,
point_alpha_corridor,15,34,clear,464,0,0,0,0,elevation_only,
point_alpha_corridor,16,34,clear,475,0,0,0,0,elevation_only,
point_alpha_corridor,17,34,clear,485,0,0,0,0,elevation_only,
point_alpha_corridor,18,34,clear,425,0,0,0,0,elevation_only,
point_alpha_corridor,19,34,clear,391,0,0,0,0,elevation_only,
point_alpha_corridor,20,34,clear,378,0,0,0,0,elevation_only,
point_alpha_corridor,21,34,clear,370,0,0,0,0,elevation_only,
point_alpha_corridor,22,34,clear,370,0,0,0,0,elevation_only,
point_alpha_corridor,23,34,clear,382,0,0,0,0,elevation_only,
point_alpha_corridor,24,34,clear,412,0,0,0,0,elevation_only,
point_alpha_corridor,25,34,clear,371,0,0,0,0,elevation_only,
point_alpha_corridor,26,34,clear,355,0,0,0,0,elevation_only,
point_alpha_corridor,27,34,clear,354,0,0,0,0,elevation_only,
point_alpha_corridor,28,34,clear,347,0,0,0,0,elevation_only,
point_alpha_corridor,29,34,clear,356,0,0,0,0,elevation_only,
point_alpha_corridor,30,34,clear,363,0,0,0,0,elevation_only,
point_alpha_corridor,31,34,clear,335,0,0,0,0,elevation_only,
point_alpha_corridor,32,34,clear,330,0,0,0,0,elevation_only,
point_alpha_corridor,33,34,clear,358,0,0,0,0,elevation_only,
point_alpha_corridor,34,34,clear,395,0,0,0,0,elevation_only,
point_alpha_corridor,35,34,clear,418,0,0,0,0,elevation_only,
point_alpha_corridor,36,34,clear,446,0,0,0,0,elevation_only,
point_alpha_corridor,37,34,clear,470,0,0,0,0,elevation_only,
point_alpha_corridor,38,34,clear,499,0,0,0,0,elevation_only,
point_alpha_corridor,39,34,clear,569,0,0,0,0,elevation_only,
point_alpha_corridor,0,35,clear,268,0,0,0,0,elevation_only,
point_alpha_corridor,1,35,clear,274,0,0,0,0,elevation_only,
point_alpha_corridor,2,35,clear,283,0,0,0,0,elevation_only,
point_alpha_corridor,3,35,clear,283,0,0,0,0,elevation_only,
point_alpha_corridor,4,35,clear,308,0,0,0,0,elevation_only,
point_alpha_corridor,5,35,clear,320,0,0,0,0,elevation_only,
point_alpha_corridor,6,35,clear,364,0,0,0,0,elevation_only,
point_alpha_corridor,7,35,clear,420,0,0,0,0,elevation_only,
point_alpha_corridor,8,35,clear,444,0,0,0,0,elevation_only,
point_alpha_corridor,9,35,clear,491,0,0,0,0,elevation_only,
point_alpha_corridor,10,35,clear,513,0,0,0,0,elevation_only,
point_alpha_corridor,11,35,clear,457,0,0,0,0,elevation_only,
point_alpha_corridor,12,35,clear,419,0,0,0,0,elevation_only,
point_alpha_corridor,13,35,clear,468,0,0,0,0,elevation_only,
point_alpha_corridor,14,35,clear,425,0,0,0,0,elevation_only,
point_alpha_corridor,15,35,clear,420,0,0,0,0,elevation_only,
point_alpha_corridor,16,35,clear,454,0,0,0,0,elevation_only,
point_alpha_corridor,17,35,clear,454,0,0,0,0,elevation_only,
point_alpha_corridor,18,35,clear,422,0,0,0,0,elevation_only,
point_alpha_corridor,19,35,clear,401,0,0,0,0,elevation_only,
point_alpha_corridor,20,35,clear,392,0,0,0,0,elevation_only,
point_alpha_corridor,21,35,clear,382,0,0,0,0,elevation_only,
point_alpha_corridor,22,35,clear,380,0,0,0,0,elevation_only,
point_alpha_corridor,23,35,clear,392,0,0,0,0,elevation_only,
point_alpha_corridor,24,35,clear,389,0,0,0,0,elevation_only,
point_alpha_corridor,25,35,clear,361,0,0,0,0,elevation_only,
point_alpha_corridor,26,35,clear,376,0,0,0,0,elevation_only,
point_alpha_corridor,27,35,clear,378,0,0,0,0,elevation_only,
point_alpha_corridor,28,35,clear,369,0,0,0,0,elevation_only,
point_alpha_corridor,29,35,clear,372,0,0,0,0,elevation_only,
point_alpha_corridor,30,35,clear,384,0,0,0,0,elevation_only,
point_alpha_corridor,31,35,clear,376,0,0,0,0,elevation_only,
point_alpha_corridor,32,35,clear,355,0,0,0,0,elevation_only,
point_alpha_corridor,33,35,clear,338,0,0,0,0,elevation_only,
point_alpha_corridor,34,35,clear,360,0,0,0,0,elevation_only,
point_alpha_corridor,35,35,clear,389,0,0,0,0,elevation_only,
point_alpha_corridor,36,35,clear,415,0,0,0,0,elevation_only,
point_alpha_corridor,37,35,clear,471,0,0,0,0,elevation_only,
point_alpha_corridor,38,35,clear,530,0,0,0,0,elevation_only,
point_alpha_corridor,39,35,clear,567,0,0,0,0,elevation_only,
point_alpha_corridor,0,36,clear,293,0,0,0,0,elevation_only,
point_alpha_corridor,1,36,clear,278,0,0,0,0,elevation_only,
point_alpha_corridor,2,36,clear,281,0,0,0,0,elevation_only,
point_alpha_corridor,3,36,clear,279,0,0,0,0,elevation_only,
point_alpha_corridor,4,36,clear,299,0,0,0,0,elevation_only,
point_alpha_corridor,5,36,clear,327,0,0,0,0,elevation_only,
point_alpha_corridor,6,36,clear,356,0,0,0,0,elevation_only,
point_alpha_corridor,7,36,clear,384,0,0,0,0,elevation_only,
point_alpha_corridor,8,36,clear,424,0,0,0,0,elevation_only,
point_alpha_corridor,9,36,clear,472,0,0,0,0,elevation_only,
point_alpha_corridor,10,36,clear,506,0,0,0,0,elevation_only,
point_alpha_corridor,11,36,clear,455,0,0,0,0,elevation_only,
point_alpha_corridor,12,36,clear,404,0,0,0,0,elevation_only,
point_alpha_corridor,13,36,clear,416,0,0,0,0,elevation_only,
point_alpha_corridor,14,36,clear,398,0,0,0,0,elevation_only,
point_alpha_corridor,15,36,clear,432,0,0,0,0,elevation_only,
point_alpha_corridor,16,36,clear,481,0,0,0,0,elevation_only,
point_alpha_corridor,17,36,clear,465,0,0,0,0,elevation_only,
point_alpha_corridor,18,36,clear,460,0,0,0,0,elevation_only,
point_alpha_corridor,19,36,clear,423,0,0,0,0,elevation_only,
point_alpha_corridor,20,36,clear,425,0,0,0,0,elevation_only,
point_alpha_corridor,21,36,clear,407,0,0,0,0,elevation_only,
point_alpha_corridor,22,36,clear,399,0,0,0,0,elevation_only,
point_alpha_corridor,23,36,clear,403,0,0,0,0,elevation_only,
point_alpha_corridor,24,36,clear,376,0,0,0,0,elevation_only,
point_alpha_corridor,25,36,clear,370,0,0,0,0,elevation_only,
point_alpha_corridor,26,36,clear,392,0,0,0,0,elevation_only,
point_alpha_corridor,27,36,clear,434,0,0,0,0,elevation_only,
point_alpha_corridor,28,36,clear,453,0,0,0,0,elevation_only,
point_alpha_corridor,29,36,clear,424,0,0,0,0,elevation_only,
point_alpha_corridor,30,36,clear,410,0,0,0,0,elevation_only,
point_alpha_corridor,31,36,clear,410,0,0,0,0,elevation_only,
point_alpha_corridor,32,36,clear,400,0,0,0,0,elevation_only,
point_alpha_corridor,33,36,clear,362,0,0,0,0,elevation_only,
point_alpha_corridor,34,36,clear,346,0,0,0,0,elevation_only,
point_alpha_corridor,35,36,clear,364,0,0,0,0,elevation_only,
point_alpha_corridor,36,36,clear,387,0,0,0,0,elevation_only,
point_alpha_corridor,37,36,clear,459,0,0,0,0,elevation_only,
point_alpha_corridor,38,36,clear,539,0,0,0,0,elevation_only,
point_alpha_corridor,39,36,clear,596,0,0,0,0,elevation_only,
point_alpha_corridor,0,37,clear,306,0,0,0,0,elevation_only,
point_alpha_corridor,1,37,clear,312,0,0,0,0,elevation_only,
point_alpha_corridor,2,37,clear,288,0,0,0,0,elevation_only,
point_alpha_corridor,3,37,clear,301,0,0,0,0,elevation_only,
point_alpha_corridor,4,37,clear,312,0,0,0,0,elevation_only,
point_alpha_corridor,5,37,clear,323,0,0,0,0,elevation_only,
point_alpha_corridor,6,37,clear,350,0,0,0,0,elevation_only,
point_alpha_corridor,7,37,clear,381,0,0,0,0,elevation_only,
point_alpha_corridor,8,37,clear,389,0,0,0,0,elevation_only,
point_alpha_corridor,9,37,clear,440,0,0,0,0,elevation_only,
point_alpha_corridor,10,37,clear,464,0,0,0,0,elevation_only,
point_alpha_corridor,11,37,clear,443,0,0,0,0,elevation_only,
point_alpha_corridor,12,37,clear,410,0,0,0,0,elevation_only,
point_alpha_corridor,13,37,clear,378,0,0,0,0,elevation_only,
point_alpha_corridor,14,37,clear,386,0,0,0,0,elevation_only,
point_alpha_corridor,15,37,clear,404,0,0,0,0,elevation_only,
point_alpha_corridor,16,37,clear,420,0,0,0,0,elevation_only,
point_alpha_corridor,17,37,clear,486,0,0,0,0,elevation_only,
point_alpha_corridor,18,37,clear,510,0,0,0,0,elevation_only,
point_alpha_corridor,19,37,clear,457,0,0,0,0,elevation_only,
point_alpha_corridor,20,37,clear,479,0,0,0,0,elevation_only,
point_alpha_corridor,21,37,clear,465,0,0,0,0,elevation_only,
point_alpha_corridor,22,37,clear,430,0,0,0,0,elevation_only,
point_alpha_corridor,23,37,clear,396,0,0,0,0,elevation_only,
point_alpha_corridor,24,37,clear,380,0,0,0,0,elevation_only,
point_alpha_corridor,25,37,clear,384,0,0,0,0,elevation_only,
point_alpha_corridor,26,37,clear,409,0,0,0,0,elevation_only,
point_alpha_corridor,27,37,clear,462,0,0,0,0,elevation_only,
point_alpha_corridor,28,37,clear,552,0,0,0,0,elevation_only,
point_alpha_corridor,29,37,clear,509,0,0,0,0,elevation_only,
point_alpha_corridor,30,37,clear,459,0,0,0,0,elevation_only,
point_alpha_corridor,31,37,clear,467,0,0,0,0,elevation_only,
point_alpha_corridor,32,37,clear,451,0,0,0,0,elevation_only,
point_alpha_corridor,33,37,clear,423,0,0,0,0,elevation_only,
point_alpha_corridor,34,37,clear,395,0,0,0,0,elevation_only,
point_alpha_corridor,35,37,clear,372,0,0,0,0,elevation_only,
point_alpha_corridor,36,37,clear,364,0,0,0,0,elevation_only,
point_alpha_corridor,37,37,clear,432,0,0,0,0,elevation_only,
point_alpha_corridor,38,37,clear,523,0,0,0,0,elevation_only,
point_alpha_corridor,39,37,clear,609,0,0,0,0,elevation_only,
point_alpha_corridor,0,38,clear,279,0,0,0,0,elevation_only,
point_alpha_corridor,1,38,clear,308,0,0,0,0,elevation_only,
point_alpha_corridor,2,38,clear,313,0,0,0,0,elevation_only,
point_alpha_corridor,3,38,clear,314,0,0,0,0,elevation_only,
point_alpha_corridor,4,38,clear,287,0,0,0,0,elevation_only,
point_alpha_corridor,5,38,clear,308,0,0,0,0,elevation_only,
point_alpha_corridor,6,38,clear,336,0,0,0,0,elevation_only,
point_alpha_corridor,7,38,clear,328,0,0,0,0,elevation_only,
point_alpha_corridor,8,38,clear,355,0,0,0,0,elevation_only,
point_alpha_corridor,9,38,clear,425,0,0,0,0,elevation_only,
point_alpha_corridor,10,38,clear,421,0,0,0,0,elevation_only,
point_alpha_corridor,11,38,clear,476,0,0,0,0,elevation_only,
point_alpha_corridor,12,38,clear,407,0,0,0,0,elevation_only,
point_alpha_corridor,13,38,clear,357,0,0,0,0,elevation_only,
point_alpha_corridor,14,38,clear,377,0,0,0,0,elevation_only,
point_alpha_corridor,15,38,clear,412,0,0,0,0,elevation_only,
point_alpha_corridor,16,38,clear,427,0,0,0,0,elevation_only,
point_alpha_corridor,17,38,clear,454,0,0,0,0,elevation_only,
point_alpha_corridor,18,38,clear,506,0,0,0,0,elevation_only,
point_alpha_corridor,19,38,clear,501,0,0,0,0,elevation_only,
point_alpha_corridor,20,38,clear,526,0,0,0,0,elevation_only,
point_alpha_corridor,21,38,clear,532,0,0,0,0,elevation_only,
point_alpha_corridor,22,38,clear,472,0,0,0,0,elevation_only,
point_alpha_corridor,23,38,clear,420,0,0,0,0,elevation_only,
point_alpha_corridor,24,38,clear,398,0,0,0,0,elevation_only,
point_alpha_corridor,25,38,clear,408,0,0,0,0,elevation_only,
point_alpha_corridor,26,38,clear,413,0,0,0,0,elevation_only,
point_alpha_corridor,27,38,clear,471,0,0,0,0,elevation_only,
point_alpha_corridor,28,38,clear,585,0,0,0,0,elevation_only,
point_alpha_corridor,29,38,clear,586,0,0,0,0,elevation_only,
point_alpha_corridor,30,38,clear,551,0,0,0,0,elevation_only,
point_alpha_corridor,31,38,clear,576,0,0,0,0,elevation_only,
point_alpha_corridor,32,38,clear,582,0,0,0,0,elevation_only,
point_alpha_corridor,33,38,clear,522,0,0,0,0,elevation_only,
point_alpha_corridor,34,38,clear,464,0,0,0,0,elevation_only,
point_alpha_corridor,35,38,clear,397,0,0,0,0,elevation_only,
point_alpha_corridor,36,38,clear,363,0,0,0,0,elevation_only,
point_alpha_corridor,37,38,clear,413,0,0,0,0,elevation_only,
point_alpha_corridor,38,38,clear,514,0,0,0,0,elevation_only,
point_alpha_corridor,39,38,clear,619,0,0,0,0,elevation_only,
point_alpha_corridor,0,39,clear,293,0,0,0,0,elevation_only,
point_alpha_corridor,1,39,clear,294,0,0,0,0,elevation_only,
point_alpha_corridor,2,39,clear,321,0,0,0,0,elevation_only,
point_alpha_corridor,3,39,clear,341,0,0,0,0,elevation_only,
point_alpha_corridor,4,39,clear,333,0,0,0,0,elevation_only,
point_alpha_corridor,5,39,clear,306,0,0,0,0,elevation_only,
point_alpha_corridor,6,39,clear,304,0,0,0,0,elevation_only,
point_alpha_corridor,7,39,clear,332,0,0,0,0,elevation_only,
point_alpha_corridor,8,39,clear,349,0,0,0,0,elevation_only,
point_alpha_corridor,9,39,clear,369,0,0,0,0,elevation_only,
point_alpha_corridor,10,39,clear,389,0,0,0,0,elevation_only,
point_alpha_corridor,11,39,clear,418,0,0,0,0,elevation_only,
point_alpha_corridor,12,39,clear,361,0,0,0,0,elevation_only,
point_alpha_corridor,13,39,clear,352,0,0,0,0,elevation_only,
point_alpha_corridor,14,39,clear,376,0,0,0,0,elevation_only,
point_alpha_corridor,15,39,clear,454,0,0,0,0,elevation_only,
point_alpha_corridor,16,39,clear,468,0,0,0,0,elevation_only,
point_alpha_corridor,17,39,clear,449,0,0,0,0,elevation_only,
point_alpha_corridor,18,39,clear,480,0,0,0,0,elevation_only,
point_alpha_corridor,19,39,clear,536,0,0,0,0,elevation_only,
point_alpha_corridor,20,39,clear,588,0,0,0,0,elevation_only,
point_alpha_corridor,21,39,clear,601,0,0,0,0,elevation_only,
point_alpha_corridor,22,39,clear,513,0,0,0,0,elevation_only,
point_alpha_corridor,23,39,clear,436,0,0,0,0,elevation_only,
point_alpha_corridor,24,39,clear,419,0,0,0,0,elevation_only,
point_alpha_corridor,25,39,clear,429,0,0,0,0,elevation_only,
point_alpha_corridor,26,39,clear,436,0,0,0,0,elevation_only,
point_alpha_corridor,27,39,clear,480,0,0,0,0,elevation_only,
point_alpha_corridor,28,39,clear,581,0,0,0,0,elevation_only,
point_alpha_corridor,29,39,clear,588,0,0,0,0,elevation_only,
point_alpha_corridor,30,39,clear,558,0,0,0,0,elevation_only,
point_alpha_corridor,31,39,clear,633,0,0,0,0,elevation_only,
point_alpha_corridor,32,39,clear,691,0,0,0,0,elevation_only,
point_alpha_corridor,33,39,clear,590,0,0,0,0,elevation_only,
point_alpha_corridor,34,39,clear,481,0,0,0,0,elevation_only,
point_alpha_corridor,35,39,clear,386,0,0,0,0,elevation_only,
point_alpha_corridor,36,39,clear,378,0,0,0,0,elevation_only,
point_alpha_corridor,37,39,clear,429,0,0,0,0,elevation_only,
point_alpha_corridor,38,39,clear,519,0,0,0,0,elevation_only,
point_alpha_corridor,39,39,clear,612,0,0,0,0,elevation_only,
