map_key,x,y,neighbor_x,neighbor_y,river_class,crossing_type,source_status
point_alpha_corridor,0,2,0,3,1,none,derived
point_alpha_corridor,0,2,1,2,1,none,derived
point_alpha_corridor,0,16,0,17,1,bridge,derived
point_alpha_corridor,0,16,1,16,1,none,derived
point_alpha_corridor,0,17,1,16,1,none,derived
point_alpha_corridor,0,17,1,17,1,none,derived
point_alpha_corridor,0,18,1,17,1,none,derived
point_alpha_corridor,0,20,1,19,1,none,derived
point_alpha_corridor,0,36,1,36,1,none,derived
point_alpha_corridor,0,63,0,64,2,none,derived
point_alpha_corridor,0,64,1,63,2,none,derived
point_alpha_corridor,0,71,0,72,2,none,derived
point_alpha_corridor,0,72,1,71,2,none,derived
point_alpha_corridor,0,77,0,78,1,none,derived
point_alpha_corridor,0,78,1,77,1,none,derived
point_alpha_corridor,1,1,1,2,1,none,derived
point_alpha_corridor,1,1,2,2,1,none,derived
point_alpha_corridor,1,16,1,17,1,none,derived
point_alpha_corridor,1,17,1,18,1,none,derived
point_alpha_corridor,1,18,2,18,1,none,derived
point_alpha_corridor,1,19,1,20,1,bridge,derived
point_alpha_corridor,1,19,2,20,1,none,derived
point_alpha_corridor,1,20,2,20,1,none,derived
point_alpha_corridor,1,34,2,35,1,none,derived
point_alpha_corridor,1,35,1,36,1,none,derived
point_alpha_corridor,1,35,2,35,1,none,derived
point_alpha_corridor,1,35,2,36,1,none,derived
point_alpha_corridor,1,63,1,64,2,none,derived
point_alpha_corridor,1,63,2,64,2,none,derived
point_alpha_corridor,1,71,1,72,2,none,derived
point_alpha_corridor,1,71,2,72,2,none,derived
point_alpha_corridor,1,77,1,78,1,none,derived
point_alpha_corridor,1,77,2,78,1,none,derived
point_alpha_corridor,1,78,2,78,1,none,derived
point_alpha_corridor,2,0,3,0,1,none,derived
point_alpha_corridor,2,1,2,2,1,none,derived
point_alpha_corridor,2,1,3,0,1,none,derived
point_alpha_corridor,2,1,3,1,1,none,derived
point_alpha_corridor,2,18,2,19,1,none,derived
point_alpha_corridor,2,19,2,20,1,none,derived
point_alpha_corridor,2,19,3,18,1,none,derived
point_alpha_corridor,2,19,3,19,1,none,derived
point_alpha_corridor,2,20,2,21,1,none,derived
point_alpha_corridor,2,21,3,20,1,none,derived
point_alpha_corridor,2,21,3,21,1,none,derived
point_alpha_corridor,2,22,3,21,1,none,derived
point_alpha_corridor,2,22,3,22,1,none,derived
point_alpha_corridor,2,23,3,22,1,none,derived
point_alpha_corridor,2,23,3,23,1,none,derived
point_alpha_corridor,2,24,3,23,1,none,derived
point_alpha_corridor,2,34,2,35,1,none,derived
point_alpha_corridor,2,34,3,34,1,none,derived
point_alpha_corridor,2,62,3,62,2,bridge,derived
point_alpha_corridor,2,63,2,64,2,none,derived
point_alpha_corridor,2,63,3,63,2,none,derived
point_alpha_corridor,2,71,2,72,2,none,derived
point_alpha_corridor,2,72,3,71,2,none,derived
point_alpha_corridor,2,78,2,79,1,none,derived
point_alpha_corridor,2,79,3,78,1,none,derived
point_alpha_corridor,2,79,3,79,1,none,derived
point_alpha_corridor,3,0,4,0,1,none,derived
point_alpha_corridor,3,23,3,24,1,none,derived
point_alpha_corridor,3,24,4,24,1,bridge,derived
point_alpha_corridor,3,33,3,34,1,none,derived
point_alpha_corridor,3,33,4,34,1,none,derived
point_alpha_corridor,3,62,3,63,2,none,derived
point_alpha_corridor,3,62,4,63,2,none,derived
point_alpha_corridor,3,71,3,72,2,none,derived
point_alpha_corridor,3,72,4,72,2,none,derived
point_alpha_corridor,4,0,4,1,1,none,derived
point_alpha_corridor,4,0,5,0,1,none,derived
point_alpha_corridor,4,24,4,25,1,none,derived
point_alpha_corridor,4,25,5,24,1,none,derived
point_alpha_corridor,4,25,5,25,1,none,derived
point_alpha_corridor,4,26,5,25,1,none,derived
point_alpha_corridor,4,32,5,32,1,none,derived
point_alpha_corridor,4,33,4,34,1,none,derived
point_alpha_corridor,4,33,5,32,1,none,derived
point_alpha_corridor,4,33,5,33,1,none,derived
point_alpha_corridor,4,62,4,63,2,none,derived
point_alpha_corridor,4,62,5,62,2,none,derived
point_alpha_corridor,4,72,4,73,2,none,derived
point_alpha_corridor,4,72,5,72,2,none,derived
point_alpha_corridor,4,73,5,72,2,none,derived
point_alpha_corridor,5,25,5,26,1,none,derived
point_alpha_corridor,5,25,6,26,1,none,derived
point_alpha_corridor,5,30,6,31,1,none,derived
point_alpha_corridor,5,31,5,32,1,none,derived
point_alpha_corridor,5,31,6,31,1,none,derived
point_alpha_corridor,5,31,6,32,1,none,derived
point_alpha_corridor,5,60,6,61,2,none,derived
point_alpha_corridor,5,61,5,62,2,none,derived
point_alpha_corridor,5,61,6,61,2,none,derived
point_alpha_corridor,5,61,6,62,2,none,derived
point_alpha_corridor,5,72,5,73,2,none,derived
point_alpha_corridor,5,72,6,73,2,none,derived
point_alpha_corridor,5,73,6,73,2,none,derived
point_alpha_corridor,5,73,6,74,2,none,derived
point_alpha_corridor,5,74,5,75,2,none,derived
point_alpha_corridor,5,74,6,74,2,none,derived
point_alpha_corridor,5,74,6,75,2,none,derived
point_alpha_corridor,5,75,6,75,2,none,derived
point_alpha_corridor,5,75,6,76,2,none,derived
point_alpha_corridor,5,76,6,76,2,none,derived
point_alpha_corridor,6,25,6,26,1,none,derived
point_alpha_corridor,6,26,7,25,1,none,derived
point_alpha_corridor,6,26,7,26,1,none,derived
point_alpha_corridor,6,27,7,26,1,bridge,derived
point_alpha_corridor,6,27,7,27,1,none,derived
point_alpha_corridor,6,28,7,27,1,none,derived
point_alpha_corridor,6,30,6,31,1,none,derived
point_alpha_corridor,6,30,7,30,1,none,derived
point_alpha_corridor,6,60,6,61,2,none,derived
point_alpha_corridor,6,61,7,60,2,none,derived
point_alpha_corridor,6,73,7,72,2,bridge,derived
point_alpha_corridor,6,76,6,77,2,none,derived
point_alpha_corridor,6,76,7,76,2,none,derived
point_alpha_corridor,7,25,7,26,1,none,derived
point_alpha_corridor,7,25,8,26,1,none,derived
point_alpha_corridor,7,27,7,28,1,none,derived
point_alpha_corridor,7,28,8,28,1,none,derived
point_alpha_corridor,7,28,8,29,1,none,derived
point_alpha_corridor,7,29,7,30,1,none,derived
point_alpha_corridor,7,29,8,29,1,none,derived
point_alpha_corridor,7,29,8,30,1,none,derived
point_alpha_corridor,7,60,7,61,2,none,derived
point_alpha_corridor,7,60,8,61,2,none,derived
point_alpha_corridor,7,75,7,76,2,none,derived
point_alpha_corridor,7,76,8,76,2,none,derived
point_alpha_corridor,8,25,8,26,1,none,derived
point_alpha_corridor,8,26,9,25,1,none,derived
point_alpha_corridor,8,60,8,61,2,none,derived
point_alpha_corridor,8,60,9,60,2,none,derived
point_alpha_corridor,8,76,8,77,2,none,derived
point_alpha_corridor,8,77,9,76,2,none,derived
point_alpha_corridor,9,25,9,26,1,bridge,derived
point_alpha_corridor,9,25,10,26,1,none,derived
point_alpha_corridor,9,59,9,60,2,none,derived
point_alpha_corridor,9,59,10,60,2,none,derived
point_alpha_corridor,9,76,9,77,2,none,derived
point_alpha_corridor,9,77,10,77,2,none,derived
point_alpha_corridor,10,25,10,26,1,none,derived
point_alpha_corridor,10,26,11,25,1,none,derived
point_alpha_corridor,10,26,11,26,1,none,derived
point_alpha_corridor,10,27,11,26,1,none,derived
point_alpha_corridor,10,27,11,27,1,none,derived
point_alpha_corridor,10,28,11,27,1,none,derived
point_alpha_corridor,10,59,10,60,2,none,derived
point_alpha_corridor,10,59,11,59,2,none,derived
point_alpha_corridor,10,77,10,78,2,none,derived
point_alpha_corridor,10,78,11,77,2,none,derived
point_alpha_corridor,11,27,11,28,1,none,derived
point_alpha_corridor,11,28,12,28,1,none,derived
point_alpha_corridor,11,28,12,29,1,none,derived
point_alpha_corridor,11,52,12,52,1,bridge,derived
point_alpha_corridor,11,53,12,54,1,none,derived
point_alpha_corridor,11,54,12,54,1,none,derived
point_alpha_corridor,11,54,12,55,1,none,derived
point_alpha_corridor,11,55,12,55,1,none,derived
point_alpha_corridor,11,55,12,56,2,none,derived
point_alpha_corridor,11,56,12,56,2,none,derived
point_alpha_corridor,11,57,12,58,2,none,derived
point_alpha_corridor,11,58,11,59,2,bridge,derived
point_alpha_corridor,11,58,12,58,2,none,derived
point_alpha_corridor,11,58,12,59,2,none,derived
point_alpha_corridor,11,77,11,78,2,none,derived
point_alpha_corridor,11,78,12,78,2,none,derived
point_alpha_corridor,12,52,13,52,1,none,derived
point_alpha_corridor,12,53,12,54,1,none,derived
point_alpha_corridor,12,53,13,52,1,none,derived
point_alpha_corridor,12,53,13,53,1,none,derived
point_alpha_corridor,12,55,12,56,2,none,derived
point_alpha_corridor,12,55,13,54,1,bridge,derived
point_alpha_corridor,12,55,13,55,2,none,derived
point_alpha_corridor,12,56,12,57,2,none,derived
point_alpha_corridor,12,57,12,58,2,none,derived
point_alpha_corridor,12,57,13,56,2,none,derived
point_alpha_corridor,12,57,13,57,2,none,derived
point_alpha_corridor,12,78,12,79,2,none,derived
point_alpha_corridor,12,79,13,78,2,none,derived
point_alpha_corridor,13,47,14,48,1,none,derived
point_alpha_corridor,13,48,14,48,1,none,derived
point_alpha_corridor,13,49,14,50,1,none,derived
point_alpha_corridor,13,50,14,50,1,none,derived
point_alpha_corridor,13,50,14,51,1,none,derived
point_alpha_corridor,13,51,13,52,1,none,derived
point_alpha_corridor,13,51,14,51,1,none,derived
point_alpha_corridor,13,51,14,52,1,none,derived
point_alpha_corridor,13,54,13,55,2,none,derived
point_alpha_corridor,13,55,14,55,2,none,derived
point_alpha_corridor,13,78,13,79,2,none,derived
point_alpha_corridor,13,79,14,79,2,none,derived
point_alpha_corridor,14,46,15,46,1,none,derived
point_alpha_corridor,14,47,14,48,1,none,derived
point_alpha_corridor,14,47,15,46,1,none,derived
point_alpha_corridor,14,47,15,47,1,none,derived
point_alpha_corridor,14,48,14,49,1,none,derived
point_alpha_corridor,14,49,14,50,1,none,derived
point_alpha_corridor,14,49,15,48,1,none,derived
point_alpha_corridor,14,49,15,49,1,none,derived
point_alpha_corridor,14,55,14,56,2,none,derived
point_alpha_corridor,14,55,15,55,2,none,derived
point_alpha_corridor,14,79,15,78,2,bridge,derived
point_alpha_corridor,15,45,15,46,1,none,derived
point_alpha_corridor,15,45,16,46,1,none,derived
point_alpha_corridor,15,53,16,54,2,none,derived
point_alpha_corridor,15,54,15,55,2,none,derived
point_alpha_corridor,15,54,16,54,2,none,derived
point_alpha_corridor,15,54,16,55,2,none,derived
point_alpha_corridor,16,45,16,46,1,none,derived
point_alpha_corridor,16,45,17,45,1,none,derived
point_alpha_corridor,16,53,16,54,2,none,derived
point_alpha_corridor,16,54,17,53,2,none,derived
point_alpha_corridor,17,44,17,45,1,none,derived
point_alpha_corridor,17,44,18,45,1,none,derived
point_alpha_corridor,17,53,17,54,2,none,derived
point_alpha_corridor,17,53,18,53,2,none,derived
point_alpha_corridor,17,53,18,54,2,none,derived
point_alpha_corridor,18,14,19,14,1,none,derived
point_alpha_corridor,18,15,19,14,1,none,derived
point_alpha_corridor,18,18,19,18,1,none,derived
point_alpha_corridor,18,19,19,18,1,none,derived
point_alpha_corridor,18,19,19,19,1,none,derived
point_alpha_corridor,18,31,19,31,1,none,derived
point_alpha_corridor,18,44,18,45,1,none,derived
point_alpha_corridor,18,44,19,44,1,none,derived
point_alpha_corridor,18,53,18,54,2,none,derived
point_alpha_corridor,18,54,19,53,2,none,derived
point_alpha_corridor,19,11,20,12,1,none,derived
point_alpha_corridor,19,12,20,12,1,none,derived
point_alpha_corridor,19,12,20,13,1,none,derived
point_alpha_corridor,19,13,19,14,1,none,derived
point_alpha_corridor,19,13,20,13,1,none,derived
point_alpha_corridor,19,13,20,14,1,bridge,derived
point_alpha_corridor,19,14,19,15,1,none,derived
point_alpha_corridor,19,15,20,15,1,none,derived
point_alpha_corridor,19,15,20,16,1,none,derived
point_alpha_corridor,19,16,20,16,1,none,derived
point_alpha_corridor,19,16,20,17,1,none,derived
point_alpha_corridor,19,17,19,18,1,none,derived
point_alpha_corridor,19,17,20,17,1,none,derived
point_alpha_corridor,19,17,20,18,1,none,derived
point_alpha_corridor,19,30,19,31,1,none,derived
point_alpha_corridor,19,31,20,31,1,none,derived
point_alpha_corridor,19,43,19,44,1,none,derived
point_alpha_corridor,19,43,20,44,1,none,derived
point_alpha_corridor,19,53,19,54,2,none,derived
point_alpha_corridor,19,53,20,54,2,none,derived
point_alpha_corridor,20,10,21,10,1,none,derived
point_alpha_corridor,20,11,20,12,1,none,derived
point_alpha_corridor,20,11,21,10,1,none,derived
point_alpha_corridor,20,11,21,11,1,none,derived
point_alpha_corridor,20,31,20,32,1,none,derived
point_alpha_corridor,20,32,21,31,1,none,derived
point_alpha_corridor,20,53,20,54,2,none,derived
point_alpha_corridor,20,54,21,53,2,none,derived
point_alpha_corridor,21,9,21,10,1,none,derived
point_alpha_corridor,21,9,22,10,1,none,derived
point_alpha_corridor,21,31,21,32,1,none,derived
point_alpha_corridor,21,32,22,32,1,none,derived
point_alpha_corridor,21,53,21,54,2,none,derived
point_alpha_corridor,21,54,22,54,2,none,derived
point_alpha_corridor,22,7,23,7,1,none,derived
point_alpha_corridor,22,8,23,7,1,none,derived
point_alpha_corridor,22,8,23,8,1,none,derived
point_alpha_corridor,22,9,22,10,1,none,derived
point_alpha_corridor,22,9,23,8,1,bridge,derived
point_alpha_corridor,22,9,23,9,1,none,derived
point_alpha_corridor,22,32,22,33,1,none,derived
point_alpha_corridor,22,33,23,32,1,none,derived
point_alpha_corridor,22,54,22,55,2,none,derived
point_alpha_corridor,22,54,23,54,2,none,derived
point_alpha_corridor,23,6,23,7,1,none,derived
point_alpha_corridor,23,6,24,7,1,none,derived
point_alpha_corridor,23,32,23,33,1,none,derived
point_alpha_corridor,23,33,24,33,1,none,derived
point_alpha_corridor,23,37,24,38,1,none,derived
point_alpha_corridor,23,53,23,54,2,none,derived
point_alpha_corridor,23,54,24,54,2,none,derived
point_alpha_corridor,24,0,25,0,1,none,derived
point_alpha_corridor,24,1,25,0,1,none,derived
point_alpha_corridor,24,4,25,4,1,none,derived
point_alpha_corridor,24,5,25,4,1,none,derived
point_alpha_corridor,24,5,25,5,1,none,derived
point_alpha_corridor,24,6,24,7,1,none,derived
point_alpha_corridor,24,6,25,5,1,none,derived
point_alpha_corridor,24,6,25,6,1,none,derived
point_alpha_corridor,24,33,24,34,1,none,derived
point_alpha_corridor,24,34,25,33,1,none,derived
point_alpha_corridor,24,37,24,38,1,none,derived
point_alpha_corridor,24,38,25,37,1,none,derived
point_alpha_corridor,24,54,24,55,2,none,derived
point_alpha_corridor,24,55,25,54,2,none,derived
point_alpha_corridor,25,0,25,1,1,none,derived
point_alpha_corridor,25,0,26,1,1,bridge,derived
point_alpha_corridor,25,1,26,1,1,none,derived
point_alpha_corridor,25,1,26,2,1,none,derived
point_alpha_corridor,25,2,26,2,1,bridge,derived
point_alpha_corridor,25,2,26,3,1,none,derived
point_alpha_corridor,25,3,25,4,1,none,derived
point_alpha_corridor,25,3,26,3,1,none,derived
point_alpha_corridor,25,3,26,4,1,none,derived
point_alpha_corridor,25,33,25,34,1,none,derived
point_alpha_corridor,25,34,26,34,1,none,derived
point_alpha_corridor,25,37,25,38,1,none,derived
point_alpha_corridor,25,37,26,38,1,none,derived
point_alpha_corridor,25,54,25,55,2,none,derived
point_alpha_corridor,25,55,26,55,2,none,derived
point_alpha_corridor,25,55,26,56,2,none,derived
point_alpha_corridor,25,56,26,56,2,none,derived
point_alpha_corridor,25,56,26,57,2,none,derived
point_alpha_corridor,25,57,26,57,2,none,derived
point_alpha_corridor,26,34,26,35,1,none,derived
point_alpha_corridor,26,34,27,34,1,none,derived
point_alpha_corridor,26,37,26,38,1,none,derived
point_alpha_corridor,26,38,27,37,1,none,derived
point_alpha_corridor,26,57,26,58,2,none,derived
point_alpha_corridor,26,58,27,57,2,none,derived
point_alpha_corridor,26,58,27,58,1,none,derived
point_alpha_corridor,26,59,27,58,1,none,derived
point_alpha_corridor,26,59,27,59,1,none,derived
point_alpha_corridor,26,60,27,59,1,none,derived
point_alpha_corridor,26,60,27,60,1,none,derived
point_alpha_corridor,26,61,27,60,1,none,derived
point_alpha_corridor,26,61,27,61,1,none,derived
point_alpha_corridor,26,62,27,61,1,none,derived
point_alpha_corridor,27,33,27,34,1,none,derived
point_alpha_corridor,27,34,28,34,1,none,derived
point_alpha_corridor,27,37,27,38,1,none,derived
point_alpha_corridor,27,37,28,38,1,none,derived
point_alpha_corridor,27,38,28,38,1,none,derived
point_alpha_corridor,27,57,27,58,1,none,derived
point_alpha_corridor,27,58,28,58,1,none,derived
point_alpha_corridor,27,58,28,59,1,bridge,derived
point_alpha_corridor,27,61,27,62,1,none,derived
point_alpha_corridor,27,61,28,62,1,none,derived
point_alpha_corridor,27,67,28,68,1,none,derived
point_alpha_corridor,27,68,28,68,1,none,derived
point_alpha_corridor,27,68,28,69,1,none,derived
point_alpha_corridor,27,69,28,69,1,none,derived
point_alpha_corridor,27,69,28,70,1,none,derived
point_alpha_corridor,27,70,28,70,1,none,derived
point_alpha_corridor,27,70,28,71,1,none,derived
point_alpha_corridor,27,71,28,71,1,none,derived
point_alpha_corridor,28,34,28,35,1,none,derived
point_alpha_corridor,28,34,29,34,1,none,derived
point_alpha_corridor,28,36,29,36,1,none,derived
point_alpha_corridor,28,37,28,38,1,none,derived
point_alpha_corridor,28,37,29,36,1,none,derived
point_alpha_corridor,28,37,29,37,1,none,derived
point_alpha_corridor,28,38,28,39,1,none,derived
point_alpha_corridor,28,39,29,38,1,none,derived
point_alpha_corridor,28,42,29,42,1,none,derived
point_alpha_corridor,28,43,29,42,1,none,derived
point_alpha_corridor,28,43,29,43,1,none,derived
point_alpha_corridor,28,44,29,43,1,none,derived
point_alpha_corridor,28,58,28,59,1,none,derived
point_alpha_corridor,28,59,29,58,1,none,derived
point_alpha_corridor,28,61,28,62,1,none,derived
point_alpha_corridor,28,62,29,61,1,none,derived
point_alpha_corridor,28,62,29,62,1,none,derived
point_alpha_corridor,28,63,29,62,1,none,derived
point_alpha_corridor,28,71,28,72,1,none,derived
point_alpha_corridor,28,72,29,71,1,none,derived
point_alpha_corridor,28,72,29,72,1,none,derived
point_alpha_corridor,28,73,29,72,1,none,derived
point_alpha_corridor,29,33,29,34,1,none,derived
point_alpha_corridor,29,33,30,34,1,none,derived
point_alpha_corridor,29,34,30,35,1,none,derived
point_alpha_corridor,29,35,29,36,1,none,derived
point_alpha_corridor,29,35,30,35,1,none,derived
point_alpha_corridor,29,35,30,36,1,none,derived
point_alpha_corridor,29,38,29,39,1,bridge,derived
point_alpha_corridor,29,39,30,39,1,none,derived
point_alpha_corridor,29,39,30,40,1,none,derived
point_alpha_corridor,29,40,30,40,1,none,derived
point_alpha_corridor,29,40,30,41,1,none,derived
point_alpha_corridor,29,41,29,42,1,none,derived
point_alpha_corridor,29,41,30,41,1,none,derived
point_alpha_corridor,29,41,30,42,1,none,derived
point_alpha_corridor,29,58,29,59,1,bridge,derived
point_alpha_corridor,29,59,30,59,1,none,derived
point_alpha_corridor,29,59,30,60,1,none,derived
point_alpha_corridor,29,60,30,60,1,none,derived
point_alpha_corridor,29,61,29,62,1,bridge,derived
point_alpha_corridor,29,62,29,63,1,none,derived
point_alpha_corridor,29,63,30,63,1,none,derived
point_alpha_corridor,29,72,29,73,1,none,derived
point_alpha_corridor,29,73,30,73,1,none,derived
point_alpha_corridor,29,73,30,74,1,none,derived
point_alpha_corridor,29,74,30,74,1,none,derived
point_alpha_corridor,29,77,30,78,1,none,derived
point_alpha_corridor,29,78,30,78,1,none,derived
point_alpha_corridor,29,78,30,79,1,none,derived
point_alpha_corridor,29,79,30,79,1,none,derived
point_alpha_corridor,30,17,31,16,1,none,derived
point_alpha_corridor,30,17,31,17,1,none,derived
point_alpha_corridor,30,18,31,17,1,none,derived
point_alpha_corridor,30,33,30,34,1,none,derived
point_alpha_corridor,30,33,31,33,2,none,derived
point_alpha_corridor,30,34,30,35,1,bridge,derived
point_alpha_corridor,30,34,31,33,1,none,derived
point_alpha_corridor,30,34,31,34,1,none,derived
point_alpha_corridor,30,60,30,61,1,none,derived
point_alpha_corridor,30,60,31,60,1,none,derived
point_alpha_corridor,30,63,30,64,1,none,derived
point_alpha_corridor,30,64,31,63,1,none,derived
point_alpha_corridor,30,74,30,75,1,none,derived
point_alpha_corridor,30,75,31,74,1,none,derived
point_alpha_corridor,30,75,31,75,1,none,derived
point_alpha_corridor,30,76,31,75,1,none,derived
point_alpha_corridor,30,76,31,76,1,none,derived
point_alpha_corridor,30,77,30,78,1,none,derived
point_alpha_corridor,30,77,31,76,1,none,derived
point_alpha_corridor,30,77,31,77,1,none,derived
point_alpha_corridor,30,78,30,79,1,none,derived
point_alpha_corridor,31,17,31,18,1,none,derived
point_alpha_corridor,31,18,32,18,1,none,derived
point_alpha_corridor,31,32,31,33,2,none,derived
point_alpha_corridor,31,32,32,33,2,none,derived
point_alpha_corridor,31,59,31,60,1,none,derived
point_alpha_corridor,31,59,32,60,1,none,derived
point_alpha_corridor,31,63,31,64,1,none,derived
point_alpha_corridor,31,64,32,64,1,none,derived
point_alpha_corridor,31,75,32,75,1,bridge,derived
point_alpha_corridor,31,75,32,76,1,none,derived
point_alpha_corridor,31,76,31,77,1,none,derived
point_alpha_corridor,31,76,32,76,1,none,derived
point_alpha_corridor,31,76,32,77,1,none,derived
point_alpha_corridor,32,18,32,19,1,bridge,derived
point_alpha_corridor,32,19,33,18,1,none,derived
point_alpha_corridor,32,19,33,19,1,none,derived
point_alpha_corridor,32,20,33,19,1,none,derived
point_alpha_corridor,32,32,32,33,2,none,derived
point_alpha_corridor,32,32,33,32,2,none,derived
point_alpha_corridor,32,59,32,60,1,none,derived
point_alpha_corridor,32,64,32,65,1,none,derived
point_alpha_corridor,32,64,33,64,1,none,derived
point_alpha_corridor,32,68,33,67,1,none,derived
point_alpha_corridor,32,73,33,73,1,none,derived
point_alpha_corridor,32,74,33,73,1,none,derived
point_alpha_corridor,32,74,33,74,1,none,derived
point_alpha_corridor,32,75,32,76,1,none,derived
point_alpha_corridor,32,75,33,74,1,none,derived
point_alpha_corridor,32,75,33,75,1,bridge,derived
point_alpha_corridor,33,18,34,19,1,bridge,derived
point_alpha_corridor,33,19,33,20,1,none,derived
point_alpha_corridor,33,20,34,20,1,none,derived
point_alpha_corridor,33,31,33,32,2,none,derived
point_alpha_corridor,33,31,34,32,2,none,derived
point_alpha_corridor,33,63,33,64,1,none,derived
point_alpha_corridor,33,64,34,64,1,none,derived
point_alpha_corridor,33,67,33,68,1,none,derived
point_alpha_corridor,33,68,34,68,1,none,derived
point_alpha_corridor,33,68,34,69,1,none,derived
point_alpha_corridor,33,69,34,69,1,none,derived
point_alpha_corridor,33,69,34,70,1,none,derived
point_alpha_corridor,33,70,34,70,1,none,derived
point_alpha_corridor,33,70,34,71,1,none,derived
point_alpha_corridor,33,71,34,71,1,none,derived
point_alpha_corridor,33,71,34,72,1,none,derived
point_alpha_corridor,33,72,33,73,1,none,derived
point_alpha_corridor,33,72,34,72,1,none,derived
point_alpha_corridor,33,72,34,73,1,none,derived
point_alpha_corridor,34,20,34,21,1,none,derived
point_alpha_corridor,34,21,35,20,1,none,derived
point_alpha_corridor,34,31,34,32,2,none,derived
point_alpha_corridor,34,31,35,31,2,none,derived
point_alpha_corridor,34,46,35,46,1,none,derived
point_alpha_corridor,34,47,35,46,1,none,derived
point_alpha_corridor,34,71,34,72,1,none,derived
point_alpha_corridor,35,20,35,21,1,none,derived
point_alpha_corridor,35,21,36,21,1,none,derived
point_alpha_corridor,35,29,36,30,2,none,derived
point_alpha_corridor,35,30,35,31,2,none,derived
point_alpha_corridor,35,30,36,30,2,none,derived
point_alpha_corridor,35,30,36,31,2,none,derived
point_alpha_corridor,35,45,35,46,1,none,derived
point_alpha_corridor,35,45,36,46,1,none,derived
point_alpha_corridor,35,46,35,47,1,none,derived
point_alpha_corridor,35,47,36,47,1,none,derived
point_alpha_corridor,35,47,36,48,1,none,derived
point_alpha_corridor,35,48,35,49,1,none,derived
point_alpha_corridor,35,48,36,48,1,none,derived
point_alpha_corridor,35,48,36,49,1,none,derived
point_alpha_corridor,36,21,36,22,1,none,derived
point_alpha_corridor,36,22,37,21,1,none,derived
point_alpha_corridor,36,29,36,30,2,none,derived
point_alpha_corridor,36,29,37,29,2,none,derived
point_alpha_corridor,36,45,36,46,1,none,derived
point_alpha_corridor,36,45,37,45,1,none,derived
point_alpha_corridor,37,21,37,22,1,none,derived
point_alpha_corridor,37,22,38,22,1,none,derived
point_alpha_corridor,37,22,38,23,1,none,derived
point_alpha_corridor,37,23,38,23,1,none,derived
point_alpha_corridor,37,27,38,28,2,none,derived
point_alpha_corridor,37,28,37,29,2,none,derived
point_alpha_corridor,37,28,38,28,2,none,derived
point_alpha_corridor,37,28,38,29,2,none,derived
point_alpha_corridor,37,44,37,45,1,none,derived
point_alpha_corridor,37,45,38,45,1,none,derived
point_alpha_corridor,37,54,38,55,1,none,derived
point_alpha_corridor,37,55,38,55,1,none,derived
point_alpha_corridor,38,23,38,24,1,none,derived
point_alpha_corridor,38,23,39,23,1,none,derived
point_alpha_corridor,38,27,38,28,2,none,derived
point_alpha_corridor,38,27,39,27,2,none,derived
point_alpha_corridor,38,45,38,46,1,none,derived
point_alpha_corridor,38,45,39,45,1,none,derived
point_alpha_corridor,38,53,39,53,1,none,derived
point_alpha_corridor,38,54,38,55,1,none,derived
point_alpha_corridor,38,54,39,53,1,none,derived
point_alpha_corridor,38,54,39,54,1,none,derived
point_alpha_corridor,39,22,39,23,1,none,derived
point_alpha_corridor,39,23,40,23,1,none,derived
point_alpha_corridor,39,26,39,27,2,none,derived
point_alpha_corridor,39,27,40,27,2,none,derived
point_alpha_corridor,39,44,39,45,1,none,derived
point_alpha_corridor,39,44,40,45,1,none,derived
point_alpha_corridor,39,45,40,45,1,none,derived
point_alpha_corridor,39,45,40,46,1,none,derived
point_alpha_corridor,39,46,40,46,1,none,derived
point_alpha_corridor,39,46,40,47,1,none,derived
point_alpha_corridor,39,47,40,47,1,none,derived
point_alpha_corridor,39,47,40,48,1,none,derived
point_alpha_corridor,39,48,40,48,1,none,derived
point_alpha_corridor,39,48,40,49,1,none,derived
point_alpha_corridor,39,49,40,49,1,none,derived
point_alpha_corridor,39,49,40,50,1,none,derived
point_alpha_corridor,39,50,40,50,1,none,derived
point_alpha_corridor,39,50,40,51,1,none,derived
point_alpha_corridor,39,51,40,51,1,none,derived
point_alpha_corridor,39,52,39,53,1,none,derived
point_alpha_corridor,39,52,40,53,1,none,derived
point_alpha_corridor,40,23,40,24,1,none,derived
point_alpha_corridor,40,24,41,23,2,none,derived
point_alpha_corridor,40,27,40,28,2,bridge,derived
point_alpha_corridor,40,27,41,27,2,none,derived
point_alpha_corridor,40,44,40,45,1,none,derived
point_alpha_corridor,40,44,41,44,1,bridge,derived
point_alpha_corridor,40,51,40,52,1,none,derived
point_alpha_corridor,40,51,41,51,1,none,derived
point_alpha_corridor,40,52,40,53,1,none,derived
point_alpha_corridor,40,52,41,51,1,none,derived
point_alpha_corridor,40,52,41,52,1,none,derived
point_alpha_corridor,41,23,41,24,2,bridge,derived
point_alpha_corridor,41,24,42,24,2,none,derived
point_alpha_corridor,41,26,41,27,2,none,derived
point_alpha_corridor,41,26,42,27,2,none,derived
point_alpha_corridor,41,43,41,44,1,none,derived
point_alpha_corridor,41,43,42,44,1,none,derived
point_alpha_corridor,42,24,42,25,2,none,derived
point_alpha_corridor,42,24,43,24,2,none,derived
point_alpha_corridor,42,26,42,27,2,none,derived
point_alpha_corridor,42,27,43,26,2,none,derived
point_alpha_corridor,42,42,43,42,1,none,derived
point_alpha_corridor,42,43,42,44,1,none,derived
point_alpha_corridor,42,43,43,42,1,none,derived
point_alpha_corridor,42,43,43,43,1,bridge,derived
point_alpha_corridor,43,6,44,7,1,none,derived
point_alpha_corridor,43,23,43,24,2,none,derived
point_alpha_corridor,43,24,44,24,2,none,derived
point_alpha_corridor,43,26,43,27,2,none,derived
point_alpha_corridor,43,26,44,27,2,none,derived
point_alpha_corridor,43,39,44,40,1,none,derived
point_alpha_corridor,43,40,44,40,1,none,derived
point_alpha_corridor,43,40,44,41,1,none,derived
point_alpha_corridor,43,41,43,42,1,none,derived
point_alpha_corridor,43,41,44,41,1,none,derived
point_alpha_corridor,43,41,44,42,1,none,derived
point_alpha_corridor,43,74,44,75,1,none,derived
point_alpha_corridor,43,75,44,75,1,none,derived
point_alpha_corridor,43,75,44,76,1,none,derived
point_alpha_corridor,43,76,44,76,1,none,derived
point_alpha_corridor,44,6,44,7,1,none,derived
point_alpha_corridor,44,6,45,6,1,none,derived
point_alpha_corridor,44,24,44,25,2,none,derived
point_alpha_corridor,44,25,45,24,2,none,derived
point_alpha_corridor,44,26,44,27,2,none,derived
point_alpha_corridor,44,26,45,26,2,none,derived
point_alpha_corridor,44,38,45,38,1,none,derived
point_alpha_corridor,44,39,44,40,1,none,derived
point_alpha_corridor,44,39,45,38,1,none,derived
point_alpha_corridor,44,39,45,39,1,none,derived
point_alpha_corridor,44,72,45,72,1,none,derived
point_alpha_corridor,44,73,44,74,1,none,derived
point_alpha_corridor,44,73,45,72,1,none,derived
point_alpha_corridor,44,73,45,73,1,none,derived
point_alpha_corridor,44,74,44,75,1,none,derived
point_alpha_corridor,44,74,45,73,1,none,derived
point_alpha_corridor,44,74,45,74,1,none,derived
point_alpha_corridor,45,5,45,6,1,none,derived
point_alpha_corridor,45,5,46,6,1,none,derived
point_alpha_corridor,45,24,45,25,2,none,derived
point_alpha_corridor,45,25,45,26,2,none,derived
point_alpha_corridor,45,25,46,25,2,none,derived
point_alpha_corridor,45,25,46,26,2,none,derived
point_alpha_corridor,45,26,46,26,2,none,derived
point_alpha_corridor,45,36,46,37,1,none,derived
point_alpha_corridor,45,37,45,38,1,none,derived
point_alpha_corridor,45,37,46,37,1,none,derived
point_alpha_corridor,45,37,46,38,1,none,derived
point_alpha_corridor,45,71,45,72,1,none,derived
point_alpha_corridor,45,71,46,72,1,none,derived
point_alpha_corridor,46,5,46,6,1,none,derived
point_alpha_corridor,46,5,47,5,1,none,derived
point_alpha_corridor,46,26,46,27,2,none,derived
point_alpha_corridor,46,26,47,26,2,none,derived
point_alpha_corridor,46,36,46,37,1,none,derived
point_alpha_corridor,46,36,47,36,1,none,derived
point_alpha_corridor,46,71,46,72,1,none,derived
point_alpha_corridor,46,72,47,71,1,none,derived
point_alpha_corridor,47,4,47,5,1,none,derived
point_alpha_corridor,47,5,48,5,1,none,derived
point_alpha_corridor,47,25,47,26,2,none,derived
point_alpha_corridor,47,25,48,26,2,none,derived
point_alpha_corridor,47,35,47,36,1,none,derived
point_alpha_corridor,47,35,48,36,1,none,derived
point_alpha_corridor,47,70,48,71,1,bridge,derived
point_alpha_corridor,47,71,47,72,1,none,derived
point_alpha_corridor,47,71,48,71,1,none,derived
point_alpha_corridor,47,71,48,72,1,none,derived
point_alpha_corridor,48,5,48,6,1,none,derived
point_alpha_corridor,48,6,49,5,1,none,derived
point_alpha_corridor,48,25,48,26,2,none,derived
point_alpha_corridor,48,26,49,25,2,none,derived
point_alpha_corridor,48,35,48,36,1,none,derived
point_alpha_corridor,48,35,49,35,1,none,derived
point_alpha_corridor,48,70,48,71,1,none,derived
point_alpha_corridor,48,70,49,70,1,none,derived
point_alpha_corridor,49,5,49,6,1,none,derived
point_alpha_corridor,49,5,50,6,1,bridge,derived
point_alpha_corridor,49,25,49,26,2,none,derived
point_alpha_corridor,49,26,50,26,2,none,derived
point_alpha_corridor,49,34,49,35,1,none,derived
point_alpha_corridor,49,34,50,35,1,none,derived
point_alpha_corridor,49,68,50,69,1,none,derived
point_alpha_corridor,49,69,49,70,1,none,derived
point_alpha_corridor,49,69,50,69,1,none,derived
point_alpha_corridor,49,69,50,70,1,none,derived
point_alpha_corridor,50,5,50,6,1,none,derived
point_alpha_corridor,50,6,51,5,1,none,derived
point_alpha_corridor,50,26,50,27,2,none,derived
point_alpha_corridor,50,27,51,26,2,none,derived
point_alpha_corridor,50,33,50,34,1,bridge,derived
point_alpha_corridor,50,33,51,33,1,none,derived
point_alpha_corridor,50,34,50,35,1,none,derived
point_alpha_corridor,50,34,51,33,1,none,derived
point_alpha_corridor,50,34,51,34,1,none,derived
point_alpha_corridor,50,67,51,67,1,none,derived
point_alpha_corridor,50,68,50,69,1,none,derived
point_alpha_corridor,50,68,51,67,1,none,derived
point_alpha_corridor,50,68,51,68,1,none,derived
point_alpha_corridor,51,5,51,6,1,none,derived
point_alpha_corridor,51,5,52,6,1,none,derived
point_alpha_corridor,51,26,51,27,2,none,derived
point_alpha_corridor,51,27,52,27,2,none,derived
point_alpha_corridor,51,32,51,33,1,none,derived
point_alpha_corridor,51,32,52,33,1,none,derived
point_alpha_corridor,51,66,51,67,1,none,derived
point_alpha_corridor,51,66,52,67,1,none,derived
point_alpha_corridor,51,67,52,67,1,none,derived
point_alpha_corridor,52,5,52,6,1,none,derived
point_alpha_corridor,52,6,53,5,1,none,derived
point_alpha_corridor,52,26,53,26,2,none,derived
point_alpha_corridor,52,27,52,28,2,none,derived
point_alpha_corridor,52,27,53,26,2,none,derived
point_alpha_corridor,52,27,53,27,2,none,derived
point_alpha_corridor,52,32,52,33,1,none,derived
point_alpha_corridor,52,32,53,32,1,none,derived
point_alpha_corridor,52,64,53,64,1,none,derived
point_alpha_corridor,52,65,53,64,1,none,derived
point_alpha_corridor,52,65,53,65,1,none,derived
point_alpha_corridor,52,66,52,67,1,none,derived
point_alpha_corridor,52,66,53,65,1,none,derived
point_alpha_corridor,52,66,53,66,1,none,derived
point_alpha_corridor,53,5,53,6,1,none,derived
point_alpha_corridor,53,5,54,6,1,none,derived
point_alpha_corridor,53,25,53,26,2,none,derived
point_alpha_corridor,53,25,54,26,2,none,derived
point_alpha_corridor,53,26,54,26,1,none,derived
point_alpha_corridor,53,26,54,27,1,none,derived
point_alpha_corridor,53,27,54,27,1,none,derived
point_alpha_corridor,53,30,54,31,1,none,derived
point_alpha_corridor,53,31,53,32,1,none,derived
point_alpha_corridor,53,31,54,31,1,none,derived
point_alpha_corridor,53,31,54,32,1,none,derived
point_alpha_corridor,53,51,54,52,1,none,derived
point_alpha_corridor,53,52,54,52,1,none,derived
point_alpha_corridor,53,52,54,53,1,none,derived
point_alpha_corridor,53,53,54,53,1,none,derived
point_alpha_corridor,53,53,54,54,1,none,derived
point_alpha_corridor,53,54,54,54,1,none,derived
point_alpha_corridor,53,54,54,55,1,none,derived
point_alpha_corridor,53,55,54,55,1,none,derived
point_alpha_corridor,53,55,54,56,1,none,derived
point_alpha_corridor,53,56,54,56,1,none,derived
point_alpha_corridor,53,56,54,57,1,none,derived
point_alpha_corridor,53,57,54,57,1,none,derived
point_alpha_corridor,53,57,54,58,1,none,derived
point_alpha_corridor,53,58,54,58,1,none,derived
point_alpha_corridor,53,58,54,59,1,none,derived
point_alpha_corridor,53,59,54,59,1,none,derived
point_alpha_corridor,53,59,54,60,1,none,derived
point_alpha_corridor,53,60,54,60,1,none,derived
point_alpha_corridor,53,60,54,61,1,none,derived
point_alpha_corridor,53,61,54,61,1,bridge,derived
point_alpha_corridor,53,61,54,62,1,none,derived
point_alpha_corridor,53,62,54,62,1,none,derived
point_alpha_corridor,53,62,54,63,1,none,derived
point_alpha_corridor,53,63,53,64,1,none,derived
point_alpha_corridor,53,63,54,63,1,none,derived
point_alpha_corridor,53,63,54,64,1,none,derived
point_alpha_corridor,54,5,54,6,1,none,derived
point_alpha_corridor,54,5,55,5,1,none,derived
point_alpha_corridor,54,25,54,26,1,none,derived
point_alpha_corridor,54,25,55,24,1,none,derived
point_alpha_corridor,54,25,55,25,1,none,derived
point_alpha_corridor,54,27,54,28,1,none,derived
point_alpha_corridor,54,28,55,27,1,none,derived
point_alpha_corridor,54,28,55,28,1,none,derived
point_alpha_corridor,54,29,55,28,1,none,derived
point_alpha_corridor,54,29,55,29,1,none,derived
point_alpha_corridor,54,30,54,31,1,none,derived
point_alpha_corridor,54,30,55,29,1,none,derived
point_alpha_corridor,54,30,55,30,1,none,derived
point_alpha_corridor,54,51,54,52,1,none,derived
point_alpha_corridor,54,51,55,51,1,none,derived
point_alpha_corridor,54,77,55,76,1,bridge,derived
point_alpha_corridor,54,79,55,79,1,none,derived
point_alpha_corridor,55,4,55,5,1,none,derived
point_alpha_corridor,55,4,56,5,1,none,derived
point_alpha_corridor,55,23,56,24,1,none,derived
point_alpha_corridor,55,24,55,25,1,none,derived
point_alpha_corridor,55,24,56,24,1,none,derived
point_alpha_corridor,55,24,56,25,1,none,derived
point_alpha_corridor,55,49,56,50,1,none,derived
point_alpha_corridor,55,50,55,51,1,none,derived
point_alpha_corridor,55,50,56,50,1,none,derived
point_alpha_corridor,55,50,56,51,1,none,derived
point_alpha_corridor,55,73,56,74,1,none,derived
point_alpha_corridor,55,74,56,74,1,none,derived
point_alpha_corridor,55,74,56,75,1,none,derived
point_alpha_corridor,55,75,56,75,1,none,derived
point_alpha_corridor,55,75,56,76,1,none,derived
point_alpha_corridor,55,76,56,76,1,none,derived
point_alpha_corridor,55,76,56,77,1,none,derived
point_alpha_corridor,55,77,56,77,1,none,derived
point_alpha_corridor,55,77,56,78,1,none,derived
point_alpha_corridor,55,78,55,79,1,none,derived
point_alpha_corridor,55,78,56,78,1,none,derived
point_alpha_corridor,55,78,56,79,1,none,derived
point_alpha_corridor,56,4,56,5,1,none,derived
point_alpha_corridor,56,4,57,4,1,none,derived
point_alpha_corridor,56,22,57,22,2,none,derived
point_alpha_corridor,56,23,56,24,1,bridge,derived
point_alpha_corridor,56,23,57,22,2,none,derived
point_alpha_corridor,56,23,57,23,1,none,derived
point_alpha_corridor,56,49,56,50,1,none,derived
point_alpha_corridor,56,49,57,49,1,none,derived
point_alpha_corridor,56,71,57,71,1,bridge,derived
point_alpha_corridor,56,72,57,71,1,none,derived
point_alpha_corridor,56,72,57,72,1,none,derived
point_alpha_corridor,56,73,56,74,1,none,derived
point_alpha_corridor,56,73,57,72,1,none,derived
point_alpha_corridor,56,73,57,73,1,none,derived
point_alpha_corridor,57,2,58,3,1,none,derived
point_alpha_corridor,57,3,57,4,1,none,derived
point_alpha_corridor,57,3,58,3,1,none,derived
point_alpha_corridor,57,3,58,4,1,none,derived
point_alpha_corridor,57,21,57,22,2,none,derived
point_alpha_corridor,57,21,58,21,1,none,derived
point_alpha_corridor,57,21,58,22,2,none,derived
point_alpha_corridor,57,22,57,23,2,none,derived
point_alpha_corridor,57,23,58,23,2,none,derived
point_alpha_corridor,57,23,58,24,2,none,derived
point_alpha_corridor,57,24,58,24,2,none,derived
point_alpha_corridor,57,47,58,48,1,bridge,derived
point_alpha_corridor,57,48,57,49,1,none,derived
point_alpha_corridor,57,48,58,49,1,none,derived
point_alpha_corridor,57,50,58,51,3,none,derived
point_alpha_corridor,57,51,58,51,3,none,derived
point_alpha_corridor,57,51,58,52,3,none,derived
point_alpha_corridor,57,52,58,52,3,none,derived
point_alpha_corridor,57,52,58,53,3,none,derived
point_alpha_corridor,57,53,58,53,3,none,derived
point_alpha_corridor,57,70,57,71,1,none,derived
point_alpha_corridor,57,70,58,71,1,none,derived
point_alpha_corridor,57,71,57,72,1,none,derived
point_alpha_corridor,57,72,58,72,1,none,derived
point_alpha_corridor,57,72,58,73,1,none,derived
point_alpha_corridor,57,73,58,73,1,none,derived
point_alpha_corridor,58,2,58,3,1,none,derived
point_alpha_corridor,58,2,59,2,1,none,derived
point_alpha_corridor,58,20,59,20,2,none,derived
point_alpha_corridor,58,21,58,22,2,none,derived
point_alpha_corridor,58,21,59,20,2,none,derived
point_alpha_corridor,58,21,59,21,2,none,derived
point_alpha_corridor,58,24,58,25,2,none,derived
point_alpha_corridor,58,25,59,24,2,none,derived
point_alpha_corridor,58,25,59,25,2,none,derived
point_alpha_corridor,58,26,59,25,2,none,derived
point_alpha_corridor,58,26,59,26,2,none,derived
point_alpha_corridor,58,27,59,26,2,none,derived
point_alpha_corridor,58,45,59,45,1,none,derived
point_alpha_corridor,58,46,59,45,1,none,derived
point_alpha_corridor,58,46,59,46,1,none,derived
point_alpha_corridor,58,47,59,46,1,none,derived
point_alpha_corridor,58,47,59,47,1,none,derived
point_alpha_corridor,58,48,58,49,1,none,derived
point_alpha_corridor,58,48,59,47,1,none,derived
point_alpha_corridor,58,48,59,48,1,none,derived
point_alpha_corridor,58,50,58,51,3,none,derived
point_alpha_corridor,58,50,59,50,3,none,derived
point_alpha_corridor,58,53,58,54,3,none,derived
point_alpha_corridor,58,54,59,53,2,none,derived
point_alpha_corridor,58,54,59,54,2,none,derived
point_alpha_corridor,58,55,59,54,2,none,derived
point_alpha_corridor,58,69,59,69,1,none,derived
point_alpha_corridor,58,70,58,71,1,none,derived
point_alpha_corridor,58,70,59,69,1,none,derived
point_alpha_corridor,58,70,59,70,1,none,derived
point_alpha_corridor,58,73,58,74,1,none,derived
point_alpha_corridor,58,74,59,73,1,none,derived
point_alpha_corridor,58,74,59,74,1,none,derived
point_alpha_corridor,58,75,59,74,1,none,derived
point_alpha_corridor,59,0,60,1,1,none,derived
point_alpha_corridor,59,1,59,2,1,none,derived
point_alpha_corridor,59,1,60,1,1,bridge,derived
point_alpha_corridor,59,1,60,2,1,none,derived
point_alpha_corridor,59,17,60,18,2,none,derived
point_alpha_corridor,59,18,60,18,2,none,derived
point_alpha_corridor,59,19,59,20,2,none,derived
point_alpha_corridor,59,19,60,20,2,none,derived
point_alpha_corridor,59,26,59,27,2,none,derived
point_alpha_corridor,59,27,60,27,3,bridge,derived
point_alpha_corridor,59,27,60,28,3,none,derived
point_alpha_corridor,59,28,60,28,3,none,derived
point_alpha_corridor,59,28,60,29,3,none,derived
point_alpha_corridor,59,29,60,29,3,none,derived
point_alpha_corridor,59,43,59,44,1,bridge,derived
point_alpha_corridor,59,43,60,44,1,none,derived
point_alpha_corridor,59,44,59,45,1,none,derived
point_alpha_corridor,59,44,60,44,3,bridge,derived
point_alpha_corridor,59,44,60,45,1,none,derived
point_alpha_corridor,59,48,59,49,3,bridge,derived
point_alpha_corridor,59,49,59,50,3,none,derived
point_alpha_corridor,59,49,60,50,3,none,derived
point_alpha_corridor,59,54,59,55,2,none,derived
point_alpha_corridor,59,55,60,55,2,none,derived
point_alpha_corridor,59,68,59,69,1,none,derived
point_alpha_corridor,59,68,60,69,1,none,derived
point_alpha_corridor,59,74,59,75,1,none,derived
point_alpha_corridor,59,75,60,75,1,none,derived
point_alpha_corridor,59,75,60,76,1,none,derived
point_alpha_corridor,59,76,60,76,1,none,derived
point_alpha_corridor,59,76,60,77,1,none,derived
point_alpha_corridor,59,77,60,77,1,none,derived
point_alpha_corridor,59,77,60,78,1,none,derived
point_alpha_corridor,59,78,60,78,1,none,derived
point_alpha_corridor,59,78,60,79,1,none,derived
point_alpha_corridor,59,79,60,79,1,none,derived
point_alpha_corridor,60,0,60,1,1,none,derived
point_alpha_corridor,60,1,61,0,1,none,derived
point_alpha_corridor,60,15,61,15,2,none,derived
point_alpha_corridor,60,16,61,15,2,none,derived
point_alpha_corridor,60,16,61,16,2,none,derived
point_alpha_corridor,60,17,60,18,2,none,derived
point_alpha_corridor,60,17,61,16,2,none,derived
point_alpha_corridor,60,17,61,17,2,none,derived
point_alpha_corridor,60,18,60,19,2,none,derived
point_alpha_corridor,60,19,60,20,2,none,derived
point_alpha_corridor,60,19,61,18,2,none,derived
point_alpha_corridor,60,19,61,19,2,none,derived
point_alpha_corridor,60,28,60,29,2,none,derived
point_alpha_corridor,60,29,60,30,3,none,derived
point_alpha_corridor,60,29,61,28,2,none,derived
point_alpha_corridor,60,30,61,29,3,none,derived
point_alpha_corridor,60,30,61,30,3,none,derived
point_alpha_corridor,60,31,61,30,3,none,derived
point_alpha_corridor,60,31,61,31,3,none,derived
point_alpha_corridor,60,32,61,31,3,none,derived
point_alpha_corridor,60,43,60,44,1,none,derived
point_alpha_corridor,60,43,61,42,3,none,derived
point_alpha_corridor,60,43,61,43,3,none,derived
point_alpha_corridor,60,44,61,43,3,none,derived
point_alpha_corridor,60,44,61,44,3,none,derived
point_alpha_corridor,60,45,61,44,3,none,derived
point_alpha_corridor,60,45,61,45,3,none,derived
point_alpha_corridor,60,46,61,45,3,none,derived
point_alpha_corridor,60,46,61,46,3,none,derived
point_alpha_corridor,60,47,61,46,3,none,derived
point_alpha_corridor,60,47,61,47,3,none,derived
point_alpha_corridor,60,48,61,47,3,none,derived
point_alpha_corridor,60,48,61,48,3,none,derived
point_alpha_corridor,60,49,60,50,3,none,derived
point_alpha_corridor,60,49,61,48,3,none,derived
point_alpha_corridor,60,49,61,49,3,none,derived
point_alpha_corridor,60,55,60,56,2,none,derived
point_alpha_corridor,60,56,61,55,2,none,derived
point_alpha_corridor,60,67,61,67,1,none,derived
point_alpha_corridor,60,68,60,69,1,none,derived
point_alpha_corridor,60,68,61,67,1,none,derived
point_alpha_corridor,60,68,61,68,1,none,derived
point_alpha_corridor,61,0,61,1,1,none,derived
point_alpha_corridor,61,0,62,1,1,none,derived
point_alpha_corridor,61,10,62,11,2,none,derived
point_alpha_corridor,61,11,62,11,2,none,derived
point_alpha_corridor,61,11,62,12,2,none,derived
point_alpha_corridor,61,12,62,12,2,none,derived
point_alpha_corridor,61,12,62,13,2,none,derived
point_alpha_corridor,61,13,62,13,2,none,derived
point_alpha_corridor,61,13,62,14,2,none,derived
point_alpha_corridor,61,14,61,15,2,none,derived
point_alpha_corridor,61,14,62,14,2,none,derived
point_alpha_corridor,61,14,62,15,2,none,derived
point_alpha_corridor,61,28,61,29,2,none,derived
point_alpha_corridor,61,29,61,30,2,none,derived
point_alpha_corridor,61,29,62,29,2,none,derived
point_alpha_corridor,61,29,62,30,2,none,derived
point_alpha_corridor,61,30,62,30,1,none,derived
point_alpha_corridor,61,31,61,32,3,none,derived
point_alpha_corridor,61,32,62,32,3,none,derived
point_alpha_corridor,61,39,62,40,2,none,derived
point_alpha_corridor,61,40,62,40,2,none,derived
point_alpha_corridor,61,40,62,41,2,none,derived
point_alpha_corridor,61,41,62,41,3,none,derived
point_alpha_corridor,61,41,62,42,3,none,derived
point_alpha_corridor,61,42,61,43,3,none,derived
point_alpha_corridor,61,42,62,42,3,none,derived
point_alpha_corridor,61,42,62,43,3,none,derived
point_alpha_corridor,61,54,62,55,1,bridge,derived
point_alpha_corridor,61,55,61,56,2,none,derived
point_alpha_corridor,61,55,62,55,1,none,derived
point_alpha_corridor,61,55,62,56,1,none,derived
point_alpha_corridor,61,56,62,56,2,none,derived
point_alpha_corridor,61,66,61,67,1,none,derived
point_alpha_corridor,61,67,62,67,1,none,derived
point_alpha_corridor,62,0,62,1,1,none,derived
point_alpha_corridor,62,0,63,0,1,none,derived
point_alpha_corridor,62,9,63,9,3,none,derived
point_alpha_corridor,62,10,62,11,2,none,derived
point_alpha_corridor,62,10,63,9,3,none,derived
point_alpha_corridor,62,10,63,10,2,none,derived
point_alpha_corridor,62,30,62,31,1,none,derived
point_alpha_corridor,62,30,63,30,1,bridge,derived
point_alpha_corridor,62,32,62,33,3,none,derived
point_alpha_corridor,62,33,63,32,3,none,derived
point_alpha_corridor,62,33,63,33,3,none,derived
point_alpha_corridor,62,34,63,33,3,none,derived
point_alpha_corridor,62,34,63,34,3,none,derived
point_alpha_corridor,62,35,63,35,3,none,derived
point_alpha_corridor,62,36,63,35,3,none,derived
point_alpha_corridor,62,36,63,36,3,none,derived
point_alpha_corridor,62,37,63,36,3,none,derived
point_alpha_corridor,62,39,62,40,2,none,derived
point_alpha_corridor,62,39,63,39,2,none,derived
point_alpha_corridor,62,54,62,55,1,none,derived
point_alpha_corridor,62,54,63,54,1,none,derived
point_alpha_corridor,62,56,62,57,2,none,derived
point_alpha_corridor,62,57,63,56,2,none,derived
point_alpha_corridor,62,57,63,57,2,none,derived
point_alpha_corridor,62,58,63,57,2,none,derived
point_alpha_corridor,62,58,63,58,2,none,derived
point_alpha_corridor,62,59,63,58,2,none,derived
point_alpha_corridor,62,67,62,68,1,none,derived
point_alpha_corridor,62,67,63,67,1,none,derived
point_alpha_corridor,63,0,64,0,1,none,derived
point_alpha_corridor,63,5,64,6,3,none,derived
point_alpha_corridor,63,6,64,6,3,none,derived
point_alpha_corridor,63,6,64,7,3,none,derived
point_alpha_corridor,63,7,63,8,3,none,derived
point_alpha_corridor,63,7,64,7,3,none,derived
point_alpha_corridor,63,7,64,8,3,none,derived
point_alpha_corridor,63,8,63,9,3,none,derived
point_alpha_corridor,63,8,64,8,3,bridge,derived
point_alpha_corridor,63,8,64,9,3,none,derived
point_alpha_corridor,63,29,63,30,1,none,derived
point_alpha_corridor,63,29,64,30,1,none,derived
point_alpha_corridor,63,33,63,34,3,none,derived
point_alpha_corridor,63,34,63,35,3,none,derived
point_alpha_corridor,63,34,64,34,3,none,derived
point_alpha_corridor,63,34,64,35,3,none,derived
point_alpha_corridor,63,36,63,37,3,none,derived
point_alpha_corridor,63,36,64,37,1,none,derived
point_alpha_corridor,63,37,64,37,3,bridge,derived
point_alpha_corridor,63,37,64,38,3,none,derived
point_alpha_corridor,63,38,63,39,2,none,derived
point_alpha_corridor,63,38,64,38,2,none,derived
point_alpha_corridor,63,38,64,39,2,bridge,derived
point_alpha_corridor,63,53,63,54,1,none,derived
point_alpha_corridor,63,54,63,55,1,bridge,derived
point_alpha_corridor,63,54,64,54,1,none,derived
point_alpha_corridor,63,58,63,59,2,none,derived
point_alpha_corridor,63,59,64,59,2,none,derived
point_alpha_corridor,63,59,64,60,2,none,derived
point_alpha_corridor,63,60,64,60,2,none,derived
point_alpha_corridor,63,65,64,66,1,none,derived
point_alpha_corridor,63,66,63,67,1,none,derived
point_alpha_corridor,63,66,64,66,1,none,derived
point_alpha_corridor,63,66,64,67,1,none,derived
point_alpha_corridor,64,0,64,1,1,none,derived
point_alpha_corridor,64,1,65,0,1,none,derived
point_alpha_corridor,64,5,64,6,3,none,derived
point_alpha_corridor,64,5,65,5,3,none,derived
point_alpha_corridor,64,29,64,30,1,none,derived
point_alpha_corridor,64,30,65,29,1,none,derived
point_alpha_corridor,64,36,64,37,1,none,derived
point_alpha_corridor,64,37,64,38,1,bridge,derived
point_alpha_corridor,64,37,65,36,1,none,derived
point_alpha_corridor,64,54,64,55,1,none,derived
point_alpha_corridor,64,54,65,54,1,none,derived
point_alpha_corridor,64,60,64,61,2,none,derived
point_alpha_corridor,64,61,65,60,2,none,derived
point_alpha_corridor,64,65,64,66,1,none,derived
point_alpha_corridor,64,65,65,65,1,none,derived
point_alpha_corridor,65,0,65,1,1,none,derived
point_alpha_corridor,65,0,66,0,1,bridge,derived
point_alpha_corridor,65,0,66,1,1,none,derived
point_alpha_corridor,65,4,65,5,3,none,derived
point_alpha_corridor,65,4,66,5,3,none,derived
point_alpha_corridor,65,29,65,30,1,none,derived
point_alpha_corridor,65,29,66,30,1,none,derived
point_alpha_corridor,65,35,65,36,1,bridge,derived
point_alpha_corridor,65,36,65,37,1,none,derived
point_alpha_corridor,65,36,66,37,1,none,derived
point_alpha_corridor,65,53,65,54,1,none,derived
point_alpha_corridor,65,54,66,54,1,none,derived
point_alpha_corridor,65,60,65,61,2,bridge,derived
point_alpha_corridor,65,61,66,61,2,none,derived
point_alpha_corridor,65,62,66,63,1,none,derived
point_alpha_corridor,65,63,66,63,1,none,derived
point_alpha_corridor,65,63,66,64,1,none,derived
point_alpha_corridor,65,64,65,65,1,none,derived
point_alpha_corridor,65,64,66,64,1,none,derived
point_alpha_corridor,65,64,66,65,1,none,derived
point_alpha_corridor,66,0,66,1,1,none,derived
point_alpha_corridor,66,0,67,0,1,none,derived
point_alpha_corridor,66,4,66,5,3,none,derived
point_alpha_corridor,66,4,67,4,3,none,derived
point_alpha_corridor,66,29,66,30,1,none,derived
point_alpha_corridor,66,29,67,29,1,none,derived
point_alpha_corridor,66,36,66,37,1,none,derived
point_alpha_corridor,66,37,67,36,1,none,derived
point_alpha_corridor,66,37,67,37,1,none,derived
point_alpha_corridor,66,38,67,37,1,none,derived
point_alpha_corridor,66,54,66,55,1,none,derived
point_alpha_corridor,66,54,67,54,1,none,derived
point_alpha_corridor,66,61,66,62,2,none,derived
point_alpha_corridor,66,62,66,63,1,none,derived
point_alpha_corridor,66,62,67,61,2,none,derived
point_alpha_corridor,66,62,67,62,2,none,derived
point_alpha_corridor,66,63,67,62,2,none,derived
point_alpha_corridor,66,63,67,63,2,none,derived
point_alpha_corridor,66,64,67,63,2,none,derived
point_alpha_corridor,67,3,67,4,3,none,derived
point_alpha_corridor,67,4,68,4,3,none,derived
point_alpha_corridor,67,28,67,29,1,none,derived
point_alpha_corridor,67,28,68,29,1,none,derived
point_alpha_corridor,67,37,67,38,1,none,derived
point_alpha_corridor,67,38,68,38,1,none,derived
point_alpha_corridor,67,53,67,54,1,none,derived
point_alpha_corridor,67,53,68,54,1,none,derived
point_alpha_corridor,67,63,67,64,2,none,derived
point_alpha_corridor,67,64,68,64,2,none,derived
point_alpha_corridor,67,64,68,65,2,none,derived
point_alpha_corridor,67,65,68,65,2,none,derived
point_alpha_corridor,68,3,69,3,3,none,derived
point_alpha_corridor,68,4,68,5,3,none,derived
point_alpha_corridor,68,4,69,3,3,none,derived
point_alpha_corridor,68,4,69,4,3,none,derived
point_alpha_corridor,68,28,68,29,1,none,derived
point_alpha_corridor,68,28,69,28,1,none,derived
point_alpha_corridor,68,38,68,39,1,none,derived
point_alpha_corridor,68,39,69,38,1,none,derived
point_alpha_corridor,68,53,68,54,1,none,derived
point_alpha_corridor,68,54,69,53,1,none,derived
point_alpha_corridor,68,65,68,66,2,none,derived
point_alpha_corridor,68,66,69,65,2,none,derived
point_alpha_corridor,69,0,70,0,3,none,derived
point_alpha_corridor,69,0,70,1,3,none,derived
point_alpha_corridor,69,1,70,1,3,none,derived
point_alpha_corridor,69,1,70,2,3,none,derived
point_alpha_corridor,69,2,69,3,3,none,derived
point_alpha_corridor,69,2,70,2,3,none,derived
point_alpha_corridor,69,2,70,3,3,none,derived
point_alpha_corridor,69,3,69,4,3,bridge,derived
point_alpha_corridor,69,27,69,28,1,none,derived
point_alpha_corridor,69,27,70,28,1,none,derived
point_alpha_corridor,69,38,69,39,1,none,derived
point_alpha_corridor,69,39,70,39,1,none,derived
point_alpha_corridor,69,53,69,54,1,none,derived
point_alpha_corridor,69,53,70,54,1,none,derived
point_alpha_corridor,69,65,69,66,2,none,derived
point_alpha_corridor,69,66,70,66,3,none,derived
point_alpha_corridor,70,27,70,28,1,none,derived
point_alpha_corridor,70,27,71,27,1,none,derived
point_alpha_corridor,70,39,70,40,1,none,derived
point_alpha_corridor,70,40,71,39,1,none,derived
point_alpha_corridor,70,53,70,54,1,none,derived
point_alpha_corridor,70,53,71,53,1,none,derived
point_alpha_corridor,70,66,70,67,3,none,derived
point_alpha_corridor,70,67,71,66,3,none,derived
point_alpha_corridor,70,67,71,67,3,none,derived
point_alpha_corridor,70,68,71,67,3,none,derived
point_alpha_corridor,71,26,71,27,1,none,derived
point_alpha_corridor,71,26,72,27,1,none,derived
point_alpha_corridor,71,39,71,40,1,none,derived
point_alpha_corridor,71,39,72,39,1,bridge,derived
point_alpha_corridor,71,40,72,40,1,none,derived
point_alpha_corridor,71,52,71,53,1,none,derived
point_alpha_corridor,71,53,72,53,1,none,derived
point_alpha_corridor,71,67,71,68,3,none,derived
point_alpha_corridor,71,67,72,68,3,none,derived
point_alpha_corridor,72,26,72,27,1,none,derived
point_alpha_corridor,72,27,73,26,1,none,derived
point_alpha_corridor,72,40,72,41,1,none,derived
point_alpha_corridor,72,40,73,40,1,none,derived
point_alpha_corridor,72,53,72,54,1,none,derived
point_alpha_corridor,72,53,73,53,1,none,derived
point_alpha_corridor,72,67,72,68,3,none,derived
point_alpha_corridor,72,68,73,67,3,none,derived
point_alpha_corridor,72,68,73,68,3,none,derived
point_alpha_corridor,72,69,73,68,3,none,derived
point_alpha_corridor,73,26,73,27,1,none,derived
point_alpha_corridor,73,26,74,27,1,none,derived
point_alpha_corridor,73,39,73,40,1,none,derived
point_alpha_corridor,73,40,74,40,1,none,derived
point_alpha_corridor,73,51,73,52,1,bridge,derived
point_alpha_corridor,73,52,73,53,1,none,derived
point_alpha_corridor,73,52,74,53,1,none,derived
point_alpha_corridor,73,68,73,69,3,none,derived
point_alpha_corridor,73,69,74,69,3,none,derived
point_alpha_corridor,74,26,74,27,1,none,derived
point_alpha_corridor,74,27,75,26,1,none,derived
point_alpha_corridor,74,40,74,41,1,none,derived
point_alpha_corridor,74,40,75,39,1,bridge,derived
point_alpha_corridor,74,40,75,40,1,none,derived
point_alpha_corridor,74,52,74,53,1,none,derived
point_alpha_corridor,74,52,75,52,1,none,derived
point_alpha_corridor,74,69,74,70,3,none,derived
point_alpha_corridor,74,70,75,69,3,none,derived
point_alpha_corridor,74,70,75,70,3,none,derived
point_alpha_corridor,74,71,75,70,3,none,derived
point_alpha_corridor,75,6,76,7,1,none,derived
point_alpha_corridor,75,7,76,7,1,none,derived
point_alpha_corridor,75,7,76,8,1,none,derived
point_alpha_corridor,75,8,76,8,1,none,derived
point_alpha_corridor,75,8,76,9,1,none,derived
point_alpha_corridor,75,9,76,9,1,none,derived
point_alpha_corridor,75,9,76,10,1,none,derived
point_alpha_corridor,75,10,76,10,1,none,derived
point_alpha_corridor,75,26,75,27,1,none,derived
point_alpha_corridor,75,26,76,27,1,none,derived
point_alpha_corridor,75,39,75,40,1,none,derived
point_alpha_corridor,75,39,76,40,1,none,derived
point_alpha_corridor,75,51,75,52,1,none,derived
point_alpha_corridor,75,51,76,52,1,none,derived
point_alpha_corridor,75,69,76,69,3,bridge,derived
point_alpha_corridor,75,70,75,71,2,none,derived
point_alpha_corridor,75,71,76,71,2,none,derived
point_alpha_corridor,76,5,77,5,1,none,derived
point_alpha_corridor,76,6,76,7,1,none,derived
point_alpha_corridor,76,6,77,5,1,none,derived
point_alpha_corridor,76,6,77,6,1,none,derived
point_alpha_corridor,76,10,76,11,1,none,derived
point_alpha_corridor,76,11,77,10,1,none,derived
point_alpha_corridor,76,11,77,11,1,none,derived
point_alpha_corridor,76,12,77,11,1,none,derived
point_alpha_corridor,76,12,77,12,1,none,derived
point_alpha_corridor,76,13,77,12,1,none,derived
point_alpha_corridor,76,13,77,13,1,none,derived
point_alpha_corridor,76,14,77,13,1,none,derived
point_alpha_corridor,76,14,77,14,1,none,derived
point_alpha_corridor,76,15,77,14,1,none,derived
point_alpha_corridor,76,15,77,15,1,none,derived
point_alpha_corridor,76,16,77,15,1,none,derived
point_alpha_corridor,76,16,77,16,1,none,derived
point_alpha_corridor,76,17,77,16,1,none,derived
point_alpha_corridor,76,17,77,17,1,none,derived
point_alpha_corridor,76,18,77,17,1,none,derived
point_alpha_corridor,76,26,76,27,1,none,derived
point_alpha_corridor,76,27,77,26,1,none,derived
point_alpha_corridor,76,39,76,40,1,none,derived
point_alpha_corridor,76,40,77,39,1,none,derived
point_alpha_corridor,76,40,77,40,1,none,derived
point_alpha_corridor,76,41,77,40,1,none,derived
point_alpha_corridor,76,51,76,52,1,none,derived
point_alpha_corridor,76,52,77,51,1,none,derived
point_alpha_corridor,76,71,76,72,2,none,derived
point_alpha_corridor,76,71,77,71,2,none,derived
point_alpha_corridor,77,3,78,4,1,none,derived
point_alpha_corridor,77,4,77,5,1,none,derived
point_alpha_corridor,77,4,78,4,1,none,derived
point_alpha_corridor,77,4,78,5,1,none,derived
point_alpha_corridor,77,17,77,18,1,none,derived
point_alpha_corridor,77,18,78,18,1,none,derived
point_alpha_corridor,77,18,78,19,1,none,derived
point_alpha_corridor,77,19,78,19,1,none,derived
point_alpha_corridor,77,26,77,27,1,none,derived
point_alpha_corridor,77,27,78,27,1,bridge,derived
point_alpha_corridor,77,27,78,28,1,none,derived
point_alpha_corridor,77,28,78,28,1,none,derived
point_alpha_corridor,77,30,78,31,1,none,derived
point_alpha_corridor,77,31,78,31,1,none,derived
point_alpha_corridor,77,31,78,32,1,none,derived
point_alpha_corridor,77,32,78,32,1,none,derived
point_alpha_corridor,77,32,78,33,1,none,derived
point_alpha_corridor,77,33,78,33,1,none,derived
point_alpha_corridor,77,33,78,34,1,none,derived
point_alpha_corridor,77,34,78,34,1,none,derived
point_alpha_corridor,77,34,78,35,1,none,derived
point_alpha_corridor,77,35,78,35,1,none,derived
point_alpha_corridor,77,40,77,41,1,none,derived
point_alpha_corridor,77,41,78,41,1,none,derived
point_alpha_corridor,77,41,78,42,1,none,derived
point_alpha_corridor,77,42,78,42,1,none,derived
point_alpha_corridor,77,51,77,52,1,none,derived
point_alpha_corridor,77,51,78,52,1,none,derived
point_alpha_corridor,77,70,77,71,2,none,derived
point_alpha_corridor,77,71,78,71,2,none,derived
point_alpha_corridor,78,3,78,4,1,none,derived
point_alpha_corridor,78,3,79,3,1,none,derived
point_alpha_corridor,78,19,78,20,1,none,derived
point_alpha_corridor,78,20,79,19,1,none,derived
point_alpha_corridor,78,28,78,29,1,none,derived
point_alpha_corridor,78,29,79,28,1,none,derived
point_alpha_corridor,78,29,79,29,1,none,derived
point_alpha_corridor,78,30,78,31,1,none,derived
point_alpha_corridor,78,30,79,29,1,none,derived
point_alpha_corridor,78,30,79,30,1,none,derived
point_alpha_corridor,78,35,78,36,1,none,derived
point_alpha_corridor,78,35,79,35,1,none,derived
point_alpha_corridor,78,41,79,41,1,bridge,derived
point_alpha_corridor,78,42,78,43,1,none,derived
point_alpha_corridor,78,42,79,42,1,none,derived
point_alpha_corridor,78,51,78,52,1,none,derived
point_alpha_corridor,78,51,79,51,1,none,derived
point_alpha_corridor,78,71,78,72,2,none,derived
point_alpha_corridor,78,72,79,71,2,none,derived
point_alpha_corridor,78,72,79,72,2,none,derived
point_alpha_corridor,78,73,79,72,2,none,derived
point_alpha_corridor,78,73,79,73,2,none,derived
point_alpha_corridor,78,74,79,73,2,none,derived
point_alpha_corridor,78,74,79,74,2,none,derived
point_alpha_corridor,78,75,79,74,2,none,derived
point_alpha_corridor,79,0,80,0,1,none,derived
point_alpha_corridor,79,0,80,1,1,none,derived
point_alpha_corridor,79,1,80,1,1,none,derived
point_alpha_corridor,79,1,80,2,1,none,derived
point_alpha_corridor,79,2,79,3,1,none,derived
point_alpha_corridor,79,2,80,2,1,none,derived
point_alpha_corridor,79,2,80,3,1,none,derived
point_alpha_corridor,79,19,79,20,1,none,derived
point_alpha_corridor,79,20,80,20,1,none,derived
point_alpha_corridor,79,41,79,42,1,none,derived
point_alpha_corridor,79,41,80,42,1,none,derived
point_alpha_corridor,79,50,79,51,1,none,derived
point_alpha_corridor,79,51,80,51,1,none,derived
point_alpha_corridor,79,74,79,75,2,none,derived
point_alpha_corridor,79,74,80,75,2,none,derived
point_alpha_corridor,80,20,80,21,1,none,derived
point_alpha_corridor,80,21,81,20,1,none,derived
point_alpha_corridor,80,41,80,42,1,none,derived
point_alpha_corridor,80,42,81,41,1,none,derived
point_alpha_corridor,80,51,80,52,1,none,derived
point_alpha_corridor,80,52,81,51,1,none,derived
point_alpha_corridor,80,74,80,75,2,none,derived
point_alpha_corridor,80,74,81,74,2,none,derived
point_alpha_corridor,81,0,82,0,1,none,derived
point_alpha_corridor,81,20,81,21,1,bridge,derived
point_alpha_corridor,81,21,82,21,1,none,derived
point_alpha_corridor,81,41,81,42,1,none,derived
point_alpha_corridor,81,42,82,42,1,none,derived
point_alpha_corridor,81,51,81,52,1,none,derived
point_alpha_corridor,81,52,82,52,1,none,derived
point_alpha_corridor,81,73,81,74,2,none,derived
point_alpha_corridor,81,74,82,74,2,none,derived
point_alpha_corridor,82,0,82,1,1,none,derived
point_alpha_corridor,82,0,83,0,1,none,derived
point_alpha_corridor,82,21,82,22,1,none,derived
point_alpha_corridor,82,22,83,21,1,none,derived
point_alpha_corridor,82,42,82,43,1,none,derived
point_alpha_corridor,82,43,83,42,1,none,derived
point_alpha_corridor,82,52,82,53,1,none,derived
point_alpha_corridor,82,52,83,51,1,bridge,derived
point_alpha_corridor,82,53,83,52,1,none,derived
point_alpha_corridor,82,74,82,75,2,none,derived
point_alpha_corridor,82,75,83,74,2,none,derived
point_alpha_corridor,82,75,83,75,2,none,derived
point_alpha_corridor,82,76,83,75,2,none,derived
point_alpha_corridor,82,76,83,76,2,none,derived
point_alpha_corridor,82,77,83,76,2,none,derived
point_alpha_corridor,82,77,83,77,2,none,derived
point_alpha_corridor,82,78,83,77,2,none,derived
point_alpha_corridor,82,78,83,78,2,none,derived
point_alpha_corridor,82,79,83,78,2,none,derived
point_alpha_corridor,82,79,83,79,2,none,derived
point_alpha_corridor,83,0,84,0,1,none,derived
point_alpha_corridor,83,21,83,22,1,none,derived
point_alpha_corridor,83,22,84,22,1,none,derived
point_alpha_corridor,83,42,83,43,1,none,derived
point_alpha_corridor,83,43,84,43,1,none,derived
point_alpha_corridor,83,43,84,44,1,none,derived
point_alpha_corridor,83,44,84,44,1,none,derived
point_alpha_corridor,83,52,83,53,1,none,derived
point_alpha_corridor,83,53,84,53,1,none,derived
point_alpha_corridor,84,0,84,1,1,none,derived
point_alpha_corridor,84,0,85,0,1,none,derived
point_alpha_corridor,84,22,84,23,1,none,derived
point_alpha_corridor,84,22,85,22,1,none,derived
point_alpha_corridor,84,44,84,45,1,none,derived
point_alpha_corridor,84,45,85,44,1,none,derived
point_alpha_corridor,84,53,84,54,1,none,derived
point_alpha_corridor,84,53,85,53,1,none,derived
point_alpha_corridor,85,0,86,0,1,none,derived
point_alpha_corridor,85,21,85,22,1,none,derived
point_alpha_corridor,85,44,85,45,1,none,derived
point_alpha_corridor,85,45,86,45,1,none,derived
point_alpha_corridor,85,52,85,53,1,none,derived
point_alpha_corridor,85,53,86,53,1,none,derived
point_alpha_corridor,85,53,86,54,1,none,derived
point_alpha_corridor,85,54,86,54,1,none,derived
point_alpha_corridor,86,0,86,1,1,none,derived
point_alpha_corridor,86,1,87,0,1,none,derived
point_alpha_corridor,86,45,86,46,1,none,derived
point_alpha_corridor,86,45,87,45,1,none,derived
point_alpha_corridor,86,54,86,55,1,none,derived
point_alpha_corridor,86,54,87,54,1,none,derived
point_alpha_corridor,87,0,87,1,1,none,derived
point_alpha_corridor,87,1,88,1,1,none,derived
point_alpha_corridor,87,44,87,45,1,none,derived
point_alpha_corridor,87,45,88,45,1,none,derived
point_alpha_corridor,87,53,87,54,1,none,derived
point_alpha_corridor,87,54,88,54,1,none,derived
point_alpha_corridor,88,1,88,2,1,none,derived
point_alpha_corridor,88,2,89,1,1,none,derived
point_alpha_corridor,88,35,89,35,1,none,derived
point_alpha_corridor,88,36,89,35,1,none,derived
point_alpha_corridor,88,45,88,46,1,none,derived
point_alpha_corridor,88,45,89,45,1,none,derived
point_alpha_corridor,88,54,88,55,1,none,derived
point_alpha_corridor,88,55,89,54,1,none,derived
point_alpha_corridor,89,1,89,2,1,none,derived
point_alpha_corridor,89,2,90,2,1,none,derived
point_alpha_corridor,89,2,90,3,1,none,derived
point_alpha_corridor,89,3,90,3,1,none,derived
point_alpha_corridor,89,33,90,34,1,none,derived
point_alpha_corridor,89,34,89,35,1,none,derived
point_alpha_corridor,89,34,90,34,1,none,derived
point_alpha_corridor,89,34,90,35,1,none,derived
point_alpha_corridor,89,35,89,36,1,none,derived
point_alpha_corridor,89,36,90,36,1,none,derived
point_alpha_corridor,89,36,90,37,1,none,derived
point_alpha_corridor,89,44,89,45,1,none,derived
point_alpha_corridor,89,45,90,45,1,none,derived
point_alpha_corridor,89,54,89,55,1,none,derived
point_alpha_corridor,89,55,90,55,1,none,derived
point_alpha_corridor,89,55,90,56,1,none,derived
point_alpha_corridor,89,56,90,56,1,none,derived
point_alpha_corridor,89,56,90,57,1,none,derived
point_alpha_corridor,89,57,90,57,1,none,derived
point_alpha_corridor,90,3,90,4,1,none,derived
point_alpha_corridor,90,4,91,3,1,none,derived
point_alpha_corridor,90,4,91,4,1,none,derived
point_alpha_corridor,90,5,91,4,1,none,derived
point_alpha_corridor,90,32,91,32,1,none,derived
point_alpha_corridor,90,33,90,34,1,none,derived
point_alpha_corridor,90,33,91,32,1,none,derived
point_alpha_corridor,90,33,91,33,1,bridge,derived
point_alpha_corridor,90,45,90,46,1,none,derived
point_alpha_corridor,90,45,91,45,1,none,derived
point_alpha_corridor,90,57,90,58,1,none,derived
point_alpha_corridor,90,58,91,57,1,none,derived
point_alpha_corridor,90,58,91,58,1,none,derived
point_alpha_corridor,90,59,91,58,1,none,derived
point_alpha_corridor,91,4,91,5,1,none,derived
point_alpha_corridor,91,31,91,32,1,none,derived
point_alpha_corridor,91,44,91,45,1,none,derived
point_alpha_corridor,91,58,91,59,1,none,derived
