map_key,x,y,elevation_m,terrain_key,road_class,road_links,river_class,river_links,settlement_level,has_bridge,source_status,notes
point_alpha_corridor,0,0,355,woods,0,0,0,0,0,0,draft,
point_alpha_corridor,1,0,306,woods,0,0,1,10,0,0,draft,
point_alpha_corridor,2,0,342,woods,0,0,1,20,0,0,draft,
point_alpha_corridor,3,0,349,clear,0,0,1,32,0,0,draft,
point_alpha_corridor,4,0,358,clear,1,12,0,0,0,0,draft,
point_alpha_corridor,5,0,366,clear,1,32,0,0,0,0,draft,
point_alpha_corridor,6,0,351,clear,0,0,0,0,0,0,elevation_only,
point_alpha_corridor,7,0,339,clear,0,0,0,0,0,0,elevation_only,
point_alpha_corridor,8,0,331,clear,1,12,0,0,0,0,draft,
point_alpha_corridor,9,0,325,clear,1,34,0,0,0,0,draft,
point_alpha_corridor,10,0,324,urban,1,20,0,0,3,0,draft,
point_alpha_corridor,11,0,315,urban,1,40,2,8,3,0,draft,
point_alpha_corridor,12,0,331,clear,1,12,0,0,0,0,draft,
point_alpha_corridor,13,0,335,clear,1,34,0,0,0,1,draft,
point_alpha_corridor,14,0,339,clear,1,24,0,0,0,1,draft,
point_alpha_corridor,15,0,346,clear,0,0,0,0,0,0,elevation_only,
point_alpha_corridor,16,0,356,clear,1,4,0,0,0,0,draft,
point_alpha_corridor,17,0,363,clear,1,42,0,0,0,1,draft,
point_alpha_corridor,18,0,385,clear,1,16,0,0,0,0,draft,
point_alpha_corridor,19,0,376,woods,0,0,0,0,0,0,draft,
point_alpha_corridor,20,0,336,clear,1,4,0,0,0,0,draft,
point_alpha_corridor,21,0,331,clear,1,40,0,0,0,0,draft,
point_alpha_corridor,22,0,339,clear,0,0,0,0,0,0,elevation_only,
point_alpha_corridor,23,0,349,clear,1,10,0,0,0,0,draft,
point_alpha_corridor,24,0,342,clear,1,24,0,0,0,0,draft,
point_alpha_corridor,25,0,331,clear,1,10,1,10,0,0,draft,
point_alpha_corridor,26,0,288,woods,1,20,1,20,0,0,draft,
point_alpha_corridor,27,0,273,woods,1,34,1,34,0,0,draft,
point_alpha_corridor,28,0,270,urban,1,20,1,20,2,0,draft,
point_alpha_corridor,29,0,260,urban,1,34,1,32,3,0,draft,
point_alpha_corridor,30,0,246,urban,1,24,3,8,3,1,draft,
point_alpha_corridor,31,0,277,urban,0,0,0,0,1,0,draft,
point_alpha_corridor,32,0,303,clear,0,0,0,0,0,0,elevation_only,
point_alpha_corridor,33,0,316,clear,0,0,0,0,0,0,elevation_only,
point_alpha_corridor,34,0,274,clear,2,8,1,8,0,0,draft,
point_alpha_corridor,35,0,270,clear,0,0,1,2,0,0,draft,
point_alpha_corridor,36,0,282,woods,1,4,1,20,0,0,draft,
point_alpha_corridor,37,0,277,woods,1,34,1,34,0,0,draft,
point_alpha_corridor,38,0,289,woods,1,28,1,24,0,0,draft,
point_alpha_corridor,39,0,328,clear,1,32,0,0,0,0,draft,
point_alpha_corridor,0,1,301,woods,1,4,1,4,0,0,draft,
point_alpha_corridor,1,1,314,woods,1,40,1,33,0,0,draft,
point_alpha_corridor,2,1,345,clear,1,12,0,0,0,0,draft,
point_alpha_corridor,3,1,343,clear,1,34,0,0,0,0,draft,
point_alpha_corridor,4,1,352,clear,1,25,0,0,0,0,draft,
point_alpha_corridor,5,1,359,clear,0,0,0,0,0,0,elevation_only,
point_alpha_corridor,6,1,345,clear,0,0,0,0,0,0,elevation_only,
point_alpha_corridor,7,1,334,clear,1,10,0,0,0,0,draft,
point_alpha_corridor,8,1,337,clear,1,17,0,0,0,0,draft,
point_alpha_corridor,9,1,341,clear,0,0,0,0,0,0,elevation_only,
point_alpha_corridor,10,1,330,clear,1,12,0,0,0,0,draft,
point_alpha_corridor,11,1,320,clear,1,35,1,9,0,0,draft,
point_alpha_corridor,12,1,331,clear,1,17,0,0,0,0,draft,
point_alpha_corridor,13,1,339,clear,0,0,0,0,0,0,elevation_only,
point_alpha_corridor,14,1,344,clear,1,5,0,0,0,0,draft,
point_alpha_corridor,15,1,347,clear,1,40,0,0,0,0,draft,
point_alpha_corridor,16,1,357,clear,0,0,0,0,0,0,elevation_only,
point_alpha_corridor,17,1,385,woods,1,9,0,0,0,0,draft,
point_alpha_corridor,18,1,432,woods,1,12,0,0,0,0,draft,
point_alpha_corridor,19,1,397,woods,1,40,0,0,0,0,draft,
point_alpha_corridor,20,1,358,woods,0,0,0,0,0,0,draft,
point_alpha_corridor,21,1,348,clear,1,5,0,0,0,0,draft,
point_alpha_corridor,22,1,349,clear,1,12,0,0,0,0,draft,
point_alpha_corridor,23,1,356,clear,1,33,0,0,0,0,draft,
point_alpha_corridor,24,1,338,clear,1,5,0,0,0,0,draft,
point_alpha_corridor,25,1,305,woods,1,33,1,9,0,0,draft,
point_alpha_corridor,26,1,343,woods,0,0,0,0,0,0,draft,
point_alpha_corridor,27,1,349,woods,0,0,0,0,0,0,draft,
point_alpha_corridor,28,1,329,clear,0,0,0,0,0,0,elevation_only,
point_alpha_corridor,29,1,281,urban,0,0,0,0,1,1,draft,
point_alpha_corridor,30,1,244,clear,1,9,3,9,0,0,draft,
point_alpha_corridor,31,1,283,clear,0,0,0,0,0,0,elevation_only,
point_alpha_corridor,32,1,305,clear,0,0,0,0,0,0,elevation_only,
point_alpha_corridor,33,1,302,clear,2,10,0,0,0,0,draft,
point_alpha_corridor,34,1,287,clear,2,17,1,9,0,0,draft,
point_alpha_corridor,35,1,333,clear,0,0,0,0,0,0,elevation_only,
point_alpha_corridor,36,1,361,woods,0,0,0,0,0,0,draft,
point_alpha_corridor,37,1,357,woods,0,0,0,0,0,0,draft,
point_alpha_corridor,38,1,313,woods,1,5,1,5,0,0,draft,
point_alpha_corridor,39,1,292,clear,1,40,1,40,0,0,draft,
point_alpha_corridor,0,2,361,woods,0,0,0,0,0,0,draft,
point_alpha_corridor,1,2,352,woods,1,3,0,0,0,0,draft,
point_alpha_corridor,2,2,357,clear,1,25,0,0,0,0,draft,
point_alpha_corridor,3,2,347,clear,0,0,0,0,0,0,elevation_only,
point_alpha_corridor,4,2,360,clear,1,5,0,0,0,0,draft,
point_alpha_corridor,5,2,355,clear,1,34,0,0,0,0,draft,
point_alpha_corridor,6,2,346,clear,1,28,0,0,0,0,draft,
point_alpha_corridor,7,2,347,clear,1,33,0,0,0,0,draft,
point_alpha_corridor,8,2,367,woods,0,0,0,0,0,0,draft,
point_alpha_corridor,9,2,346,clear,0,0,0,0,0,0,elevation_only,
point_alpha_corridor,10,2,328,clear,1,9,1,12,0,0,draft,
point_alpha_corridor,11,2,325,clear,0,0,1,33,0,0,draft,
point_alpha_corridor,12,2,348,clear,0,0,0,0,0,0,elevation_only,
point_alpha_corridor,13,2,359,clear,0,0,0,0,0,0,elevation_only,
point_alpha_corridor,14,2,365,clear,0,0,0,0,0,0,elevation_only,
point_alpha_corridor,15,2,371,clear,1,3,0,0,0,0,draft,
point_alpha_corridor,16,2,378,clear,1,28,0,0,0,0,draft,
point_alpha_corridor,17,2,408,woods,1,33,0,0,0,0,draft,
point_alpha_corridor,18,2,415,woods,1,5,0,0,0,0,draft,
point_alpha_corridor,19,2,352,clear,1,35,1,10,0,0,draft,
point_alpha_corridor,20,2,332,clear,1,20,1,20,0,0,draft,
point_alpha_corridor,21,2,336,clear,1,42,1,42,0,0,draft,
point_alpha_corridor,22,2,338,clear,1,49,1,28,0,0,draft,
point_alpha_corridor,23,2,340,clear,0,0,1,42,0,0,draft,
point_alpha_corridor,24,2,316,woods,0,0,1,20,0,0,draft,
point_alpha_corridor,25,2,355,woods,0,0,1,33,0,0,draft,
point_alpha_corridor,26,2,368,woods,0,0,0,0,0,0,draft,
point_alpha_corridor,27,2,337,woods,0,0,0,0,0,0,draft,
point_alpha_corridor,28,2,271,clear,0,0,3,12,0,0,draft,
point_alpha_corridor,29,2,238,clear,1,10,3,34,0,0,draft,
point_alpha_corridor,30,2,241,clear,1,25,3,17,0,0,draft,
point_alpha_corridor,31,2,282,clear,0,0,0,0,0,0,elevation_only,
point_alpha_corridor,32,2,300,clear,2,12,0,0,0,0,draft,
point_alpha_corridor,33,2,280,clear,2,33,1,10,0,0,draft,
point_alpha_corridor,34,2,306,clear,0,0,1,17,0,0,draft,
point_alpha_corridor,35,2,371,woods,0,0,0,0,0,0,draft,
point_alpha_corridor,36,2,436,woods,0,0,0,0,0,0,draft,
point_alpha_corridor,37,2,416,woods,0,0,0,0,0,0,draft,
point_alpha_corridor,38,2,360,clear,0,0,0,0,0,0,elevation_only,
point_alpha_corridor,39,2,297,clear,1,1,1,1,0,0,draft,
point_alpha_corridor,0,3,396,woods,0,0,0,0,0,0,draft,
point_alpha_corridor,1,3,381,clear,1,10,0,0,0,0,draft,
point_alpha_corridor,2,3,368,clear,1,17,0,0,0,0,draft,
point_alpha_corridor,3,3,355,clear,0,0,0,0,0,0,elevation_only,
point_alpha_corridor,4,3,365,clear,0,0,0,0,0,0,elevation_only,
point_alpha_corridor,5,3,361,clear,0,0,0,0,0,0,elevation_only,
point_alpha_corridor,6,3,360,clear,1,1,0,0,0,0,draft,
point_alpha_corridor,7,3,372,clear,0,0,0,0,0,0,elevation_only,
point_alpha_corridor,8,3,384,woods,0,0,0,0,0,0,draft,
point_alpha_corridor,9,3,337,clear,1,10,0,0,0,0,draft,
point_alpha_corridor,10,3,328,clear,1,17,1,9,0,0,draft,
point_alpha_corridor,11,3,343,clear,0,0,0,0,0,0,elevation_only,
point_alpha_corridor,12,3,383,clear,0,0,0,0,0,0,elevation_only,
point_alpha_corridor,13,3,390,clear,0,0,0,0,0,0,elevation_only,
point_alpha_corridor,14,3,392,woods,0,0,0,0,0,0,draft,
point_alpha_corridor,15,3,429,woods,0,0,0,0,0,0,draft,
point_alpha_corridor,16,3,417,clear,1,13,0,0,0,0,draft,
point_alpha_corridor,17,3,417,woods,1,32,0,0,0,0,draft,
point_alpha_corridor,18,3,414,woods,0,0,0,0,0,0,draft,
point_alpha_corridor,19,3,351,clear,0,0,1,1,0,0,draft,
point_alpha_corridor,20,3,342,clear,0,0,0,0,0,0,elevation_only,
point_alpha_corridor,21,3,336,clear,1,9,1,1,0,0,draft,
point_alpha_corridor,22,3,344,woods,0,0,1,1,0,0,draft,
point_alpha_corridor,23,3,348,woods,0,0,1,1,0,0,draft,
point_alpha_corridor,24,3,363,woods,0,0,0,0,0,0,draft,
point_alpha_corridor,25,3,375,woods,0,0,0,0,0,0,draft,
point_alpha_corridor,26,3,362,woods,0,0,0,0,0,0,draft,
point_alpha_corridor,27,3,274,woods,0,0,3,10,0,0,draft,
point_alpha_corridor,28,3,244,clear,1,12,3,17,0,0,draft,
point_alpha_corridor,29,3,286,clear,1,33,0,0,0,0,draft,
point_alpha_corridor,30,3,304,clear,1,5,0,0,0,0,draft,
point_alpha_corridor,31,3,307,clear,1,34,0,0,0,0,draft,
point_alpha_corridor,32,3,297,urban,2,25,0,0,3,0,draft,
point_alpha_corridor,33,3,296,clear,0,0,1,9,0,0,draft,
point_alpha_corridor,34,3,331,clear,0,0,0,0,0,0,elevation_only,
point_alpha_corridor,35,3,412,woods,0,0,0,0,0,0,draft,
point_alpha_corridor,36,3,532,woods,0,0,0,0,0,0,draft,
point_alpha_corridor,37,3,504,woods,0,0,0,0,0,0,draft,
point_alpha_corridor,38,3,385,clear,1,12,0,0,0,0,draft,
point_alpha_corridor,39,3,324,urban,1,40,0,0,3,0,draft,
point_alpha_corridor,0,4,372,woods,0,0,0,0,0,0,draft,
point_alpha_corridor,1,4,397,woods,1,3,0,0,0,0,draft,
point_alpha_corridor,2,4,377,clear,1,24,0,0,0,0,draft,
point_alpha_corridor,3,4,358,clear,1,8,0,0,0,0,draft,
point_alpha_corridor,4,4,355,clear,0,0,0,0,0,0,elevation_only,
point_alpha_corridor,5,4,360,clear,0,0,0,0,0,0,elevation_only,
point_alpha_corridor,6,4,388,woods,0,0,0,0,0,0,draft,
point_alpha_corridor,7,4,431,woods,0,0,0,0,0,0,draft,
point_alpha_corridor,8,4,378,clear,0,0,0,0,0,0,elevation_only,
point_alpha_corridor,9,4,332,clear,1,11,1,10,0,0,draft,
point_alpha_corridor,10,4,350,clear,1,24,1,17,0,0,draft,
point_alpha_corridor,11,4,357,clear,0,0,0,0,0,0,elevation_only,
point_alpha_corridor,12,4,386,clear,0,0,0,0,0,0,elevation_only,
point_alpha_corridor,13,4,405,clear,0,0,0,0,0,0,elevation_only,
point_alpha_corridor,14,4,408,clear,0,0,0,0,0,0,elevation_only,
point_alpha_corridor,15,4,435,woods,0,0,0,0,0,0,draft,
point_alpha_corridor,16,4,452,woods,1,5,0,0,0,0,draft,
point_alpha_corridor,17,4,445,woods,1,40,0,0,0,0,draft,
point_alpha_corridor,18,4,410,woods,0,0,0,0,0,0,draft,
point_alpha_corridor,19,4,384,woods,0,0,0,0,0,0,draft,
point_alpha_corridor,20,4,391,woods,0,0,0,0,0,0,draft,
point_alpha_corridor,21,4,360,clear,1,3,0,0,0,0,draft,
point_alpha_corridor,22,4,359,clear,1,24,0,0,0,0,draft,
point_alpha_corridor,23,4,367,clear,0,0,0,0,0,0,elevation_only,
point_alpha_corridor,24,4,376,clear,0,0,0,0,0,0,elevation_only,
point_alpha_corridor,25,4,348,woods,0,0,0,0,0,0,draft,
point_alpha_corridor,26,4,341,woods,0,0,0,0,0,0,draft,
point_alpha_corridor,27,4,262,woods,1,10,3,9,0,0,draft,
point_alpha_corridor,28,4,254,clear,1,25,0,0,0,0,draft,
point_alpha_corridor,29,4,318,woods,0,0,0,0,0,0,draft,
point_alpha_corridor,30,4,370,woods,0,0,0,0,0,0,draft,
point_alpha_corridor,31,4,358,clear,0,0,0,0,0,0,elevation_only,
point_alpha_corridor,32,4,309,urban,2,9,0,0,3,0,draft,
point_alpha_corridor,33,4,302,urban,0,0,1,9,3,0,draft,
point_alpha_corridor,34,4,335,clear,0,0,0,0,0,0,elevation_only,
point_alpha_corridor,35,4,408,woods,0,0,0,0,0,0,draft,
point_alpha_corridor,36,4,490,woods,0,0,0,0,0,0,draft,
point_alpha_corridor,37,4,495,woods,1,10,0,0,0,0,draft,
point_alpha_corridor,38,4,392,urban,1,17,0,0,1,0,draft,
point_alpha_corridor,39,4,332,urban,1,9,0,0,3,0,draft,
point_alpha_corridor,0,5,369,woods,0,0,0,0,0,0,draft,
point_alpha_corridor,1,5,404,woods,0,0,0,0,0,0,draft,
point_alpha_corridor,2,5,380,clear,1,5,0,0,0,0,draft,
point_alpha_corridor,3,5,367,clear,1,43,0,0,0,0,draft,
point_alpha_corridor,4,5,346,clear,1,24,0,0,0,0,draft,
point_alpha_corridor,5,5,344,clear,0,0,0,0,0,0,elevation_only,
point_alpha_corridor,6,5,393,woods,0,0,0,0,0,0,draft,
point_alpha_corridor,7,5,421,woods,0,0,0,0,0,0,draft,
point_alpha_corridor,8,5,353,clear,1,12,1,12,0,0,draft,
point_alpha_corridor,9,5,337,clear,1,33,1,33,0,0,draft,
point_alpha_corridor,10,5,346,clear,1,5,0,0,0,0,draft,
point_alpha_corridor,11,5,369,clear,1,34,0,0,0,0,draft,
point_alpha_corridor,12,5,386,clear,1,24,0,0,0,0,draft,
point_alpha_corridor,13,5,400,clear,0,0,0,0,0,0,elevation_only,
point_alpha_corridor,14,5,404,clear,0,0,0,0,0,0,elevation_only,
point_alpha_corridor,15,5,463,woods,0,0,0,0,0,0,draft,
point_alpha_corridor,16,5,502,woods,0,0,0,0,0,0,draft,
point_alpha_corridor,17,5,481,clear,1,3,0,0,0,0,draft,
point_alpha_corridor,18,5,445,woods,1,24,0,0,0,0,draft,
point_alpha_corridor,19,5,461,woods,0,0,0,0,0,0,draft,
point_alpha_corridor,20,5,444,woods,0,0,0,0,0,0,draft,
point_alpha_corridor,21,5,379,woods,1,10,0,0,0,0,draft,
point_alpha_corridor,22,5,348,clear,1,17,0,0,0,0,draft,
point_alpha_corridor,23,5,357,clear,0,0,0,0,0,0,elevation_only,
point_alpha_corridor,24,5,354,woods,0,0,0,0,0,0,draft,
point_alpha_corridor,25,5,340,woods,0,0,0,0,0,0,draft,
point_alpha_corridor,26,5,290,woods,1,4,2,12,0,0,draft,
point_alpha_corridor,27,5,242,clear,1,33,3,33,0,0,draft,
point_alpha_corridor,28,5,267,clear,1,9,0,0,0,0,draft,
point_alpha_corridor,29,5,328,woods,0,0,0,0,0,0,draft,
point_alpha_corridor,30,5,404,woods,0,0,0,0,0,0,draft,
point_alpha_corridor,31,5,388,woods,0,0,0,0,0,0,draft,
point_alpha_corridor,32,5,320,urban,2,9,0,0,3,0,draft,
point_alpha_corridor,33,5,306,urban,0,0,1,9,1,0,draft,
point_alpha_corridor,34,5,338,clear,0,0,0,0,0,0,elevation_only,
point_alpha_corridor,35,5,387,woods,0,0,0,0,0,0,draft,
point_alpha_corridor,36,5,443,woods,0,0,0,0,0,0,draft,
point_alpha_corridor,37,5,476,woods,1,9,0,0,0,0,draft,
point_alpha_corridor,38,5,435,woods,0,0,0,0,0,0,draft,
point_alpha_corridor,39,5,353,urban,1,9,0,0,3,0,draft,
point_alpha_corridor,0,6,359,woods,0,0,0,0,0,0,draft,
point_alpha_corridor,1,6,379,woods,0,0,0,0,0,0,draft,
point_alpha_corridor,2,6,379,clear,1,12,0,0,0,0,draft,
point_alpha_corridor,3,6,372,clear,1,33,0,0,0,0,draft,
point_alpha_corridor,4,6,354,clear,1,5,0,0,0,0,draft,
point_alpha_corridor,5,6,333,clear,1,40,0,0,0,0,draft,
point_alpha_corridor,6,6,354,woods,0,0,0,0,0,0,draft,
point_alpha_corridor,7,6,368,clear,0,0,0,0,0,0,elevation_only,
point_alpha_corridor,8,6,342,clear,1,9,1,9,0,0,draft,
point_alpha_corridor,9,6,360,clear,0,0,0,0,0,0,elevation_only,
point_alpha_corridor,10,6,360,clear,0,0,0,0,0,0,elevation_only,
point_alpha_corridor,11,6,372,clear,0,0,0,0,0,0,elevation_only,
point_alpha_corridor,12,6,369,clear,1,5,0,0,0,0,draft,
point_alpha_corridor,13,6,365,clear,1,40,0,0,0,0,draft,
point_alpha_corridor,14,6,403,clear,0,0,0,0,0,0,elevation_only,
point_alpha_corridor,15,6,501,woods,0,0,0,0,0,0,draft,
point_alpha_corridor,16,6,578,woods,0,0,0,0,0,0,draft,
point_alpha_corridor,17,6,515,woods,0,0,0,0,0,0,draft,
point_alpha_corridor,18,6,449,woods,1,9,0,0,0,0,draft,
point_alpha_corridor,19,6,411,woods,0,0,0,0,0,0,draft,
point_alpha_corridor,20,6,368,urban,0,0,0,0,1,0,draft,
point_alpha_corridor,21,6,340,clear,1,9,0,0,0,0,draft,
point_alpha_corridor,22,6,331,clear,0,0,0,0,0,0,elevation_only,
point_alpha_corridor,23,6,351,clear,0,0,0,0,0,0,elevation_only,
point_alpha_corridor,24,6,351,woods,0,0,0,0,0,0,draft,
point_alpha_corridor,25,6,310,woods,0,0,0,0,0,0,draft,
point_alpha_corridor,26,6,269,woods,0,0,2,5,0,0,draft,
point_alpha_corridor,27,6,257,clear,0,0,2,40,0,0,draft,
point_alpha_corridor,28,6,299,clear,1,9,0,0,0,0,draft,
point_alpha_corridor,29,6,319,clear,0,0,0,0,0,0,elevation_only,
point_alpha_corridor,30,6,350,woods,0,0,0,0,0,0,draft,
point_alpha_corridor,31,6,342,woods,2,10,0,0,0,0,draft,
point_alpha_corridor,32,6,320,clear,2,17,0,0,0,0,draft,
point_alpha_corridor,33,6,317,urban,0,0,1,9,1,0,draft,
point_alpha_corridor,34,6,357,clear,0,0,0,0,0,0,elevation_only,
point_alpha_corridor,35,6,447,woods,0,0,0,0,0,0,draft,
point_alpha_corridor,36,6,510,clear,1,12,0,0,0,0,draft,
point_alpha_corridor,37,6,526,clear,1,33,0,0,0,0,draft,
point_alpha_corridor,38,6,475,woods,0,0,0,0,0,0,draft,
point_alpha_corridor,39,6,405,clear,1,1,0,0,0,0,draft,
point_alpha_corridor,0,7,300,urban,1,8,0,0,2,0,draft,
point_alpha_corridor,1,7,356,clear,0,0,0,0,0,0,elevation_only,
point_alpha_corridor,2,7,352,clear,1,9,0,0,0,0,draft,
point_alpha_corridor,3,7,356,clear,0,0,0,0,0,0,elevation_only,
point_alpha_corridor,4,7,344,clear,0,0,0,0,0,0,elevation_only,
point_alpha_corridor,5,7,325,clear,1,11,0,0,0,0,draft,
point_alpha_corridor,6,7,341,clear,1,24,0,0,0,0,draft,
point_alpha_corridor,7,7,354,clear,1,10,0,0,0,0,draft,
point_alpha_corridor,8,7,349,clear,1,17,1,9,0,0,draft,
point_alpha_corridor,9,7,367,clear,0,0,0,0,0,0,elevation_only,
point_alpha_corridor,10,7,363,clear,0,0,0,0,0,0,elevation_only,
point_alpha_corridor,11,7,370,clear,0,0,0,0,0,0,elevation_only,
point_alpha_corridor,12,7,371,clear,0,0,0,0,0,0,elevation_only,
point_alpha_corridor,13,7,349,clear,1,9,0,0,0,0,draft,
point_alpha_corridor,14,7,401,clear,0,0,0,0,0,0,elevation_only,
point_alpha_corridor,15,7,473,woods,0,0,0,0,0,0,draft,
point_alpha_corridor,16,7,517,woods,0,0,0,0,0,0,draft,
point_alpha_corridor,17,7,480,woods,1,2,0,0,0,0,draft,
point_alpha_corridor,18,7,417,clear,1,25,0,0,0,0,draft,
point_alpha_corridor,19,7,390,woods,0,0,0,0,0,0,draft,
point_alpha_corridor,20,7,335,urban,1,12,0,0,3,0,draft,
point_alpha_corridor,21,7,319,urban,1,43,0,0,3,0,draft,
point_alpha_corridor,22,7,313,clear,1,16,0,0,0,0,draft,
point_alpha_corridor,23,7,328,clear,0,0,0,0,0,0,elevation_only,
point_alpha_corridor,24,7,339,clear,0,0,0,0,0,0,elevation_only,
point_alpha_corridor,25,7,312,woods,0,0,0,0,0,0,draft,
point_alpha_corridor,26,7,254,clear,0,0,2,12,0,0,draft,
point_alpha_corridor,27,7,311,clear,0,0,2,33,0,0,draft,
point_alpha_corridor,28,7,341,clear,1,5,0,0,0,0,draft,
point_alpha_corridor,29,7,316,clear,1,40,0,0,0,0,draft,
point_alpha_corridor,30,7,318,clear,2,12,0,0,0,0,draft,
point_alpha_corridor,31,7,316,clear,2,35,0,0,0,0,draft,
point_alpha_corridor,32,7,315,clear,1,24,0,0,0,0,draft,
point_alpha_corridor,33,7,329,clear,0,0,1,9,0,0,draft,
point_alpha_corridor,34,7,368,clear,0,0,0,0,0,0,elevation_only,
point_alpha_corridor,35,7,470,woods,0,0,0,0,0,0,draft,
point_alpha_corridor,36,7,563,woods,1,1,0,0,0,0,draft,
point_alpha_corridor,37,7,603,woods,0,0,0,0,0,0,draft,
point_alpha_corridor,38,7,549,woods,0,0,0,0,0,0,draft,
point_alpha_corridor,39,7,458,woods,0,0,0,0,0,0,draft,
point_alpha_corridor,0,8,273,urban,1,9,1,8,3,0,draft,
point_alpha_corridor,1,8,341,clear,0,0,0,0,0,0,elevation_only,
point_alpha_corridor,2,8,326,clear,1,5,0,0,0,0,draft,
point_alpha_corridor,3,8,328,clear,1,40,0,0,0,0,draft,
point_alpha_corridor,4,8,321,clear,0,0,0,0,0,0,elevation_only,
point_alpha_corridor,5,8,333,clear,1,17,0,0,0,0,draft,
point_alpha_corridor,6,8,368,clear,1,13,0,0,0,0,draft,
point_alpha_corridor,7,8,355,clear,1,33,0,0,0,0,draft,
point_alpha_corridor,8,8,349,clear,0,0,1,9,0,0,draft,
point_alpha_corridor,9,8,352,clear,0,0,0,0,0,0,elevation_only,
point_alpha_corridor,10,8,355,clear,0,0,0,0,0,0,elevation_only,
point_alpha_corridor,11,8,363,clear,0,0,0,0,0,0,elevation_only,
point_alpha_corridor,12,8,366,clear,0,0,0,0,0,0,elevation_only,
point_alpha_corridor,13,8,338,clear,1,9,1,8,0,0,draft,
point_alpha_corridor,14,8,362,clear,0,0,0,0,0,0,elevation_only,
point_alpha_corridor,15,8,410,woods,0,0,0,0,0,0,draft,
point_alpha_corridor,16,8,435,woods,0,0,0,0,0,0,draft,
point_alpha_corridor,17,8,411,clear,1,10,0,0,0,0,draft,
point_alpha_corridor,18,8,379,clear,1,21,0,0,0,0,draft,
point_alpha_corridor,19,8,359,woods,1,42,0,0,0,0,draft,
point_alpha_corridor,20,8,334,urban,1,17,0,0,1,0,draft,
point_alpha_corridor,21,8,306,urban,1,3,0,0,3,0,draft,
point_alpha_corridor,22,8,296,clear,1,24,0,0,0,0,draft,
point_alpha_corridor,23,8,305,clear,0,0,0,0,0,0,elevation_only,
point_alpha_corridor,24,8,319,clear,0,0,0,0,0,0,elevation_only,
point_alpha_corridor,25,8,304,woods,0,0,0,0,0,0,draft,
point_alpha_corridor,26,8,265,woods,0,0,2,9,0,0,draft,
point_alpha_corridor,27,8,344,woods,0,0,0,0,0,0,draft,
point_alpha_corridor,28,8,347,woods,0,0,0,0,0,0,draft,
point_alpha_corridor,29,8,339,clear,2,11,0,0,0,0,draft,
point_alpha_corridor,30,8,336,clear,2,17,0,0,0,0,draft,
point_alpha_corridor,31,8,324,clear,1,10,0,0,0,0,draft,
point_alpha_corridor,32,8,321,clear,1,17,0,0,0,0,draft,
point_alpha_corridor,33,8,338,clear,0,0,1,9,0,0,draft,
point_alpha_corridor,34,8,369,clear,0,0,0,0,0,0,elevation_only,
point_alpha_corridor,35,8,448,woods,0,0,0,0,0,0,draft,
point_alpha_corridor,36,8,544,woods,0,0,0,0,0,0,draft,
point_alpha_corridor,37,8,605,woods,0,0,0,0,0,0,draft,
point_alpha_corridor,38,8,590,woods,0,0,0,0,0,0,draft,
point_alpha_corridor,39,8,487,woods,0,0,0,0,0,0,draft,
point_alpha_corridor,0,9,288,urban,1,9,1,13,1,0,draft,
point_alpha_corridor,1,9,306,woods,0,0,1,32,0,0,draft,
point_alpha_corridor,2,9,333,clear,0,0,0,0,0,0,elevation_only,
point_alpha_corridor,3,9,310,clear,1,3,0,0,0,0,draft,
point_alpha_corridor,4,9,314,woods,1,26,0,0,0,0,draft,
point_alpha_corridor,5,9,357,woods,1,10,0,0,0,0,draft,
point_alpha_corridor,6,9,378,clear,1,25,0,0,0,0,draft,
point_alpha_corridor,7,9,350,clear,0,0,0,0,0,0,elevation_only,
point_alpha_corridor,8,9,346,clear,0,0,1,1,0,0,draft,
point_alpha_corridor,9,9,352,clear,0,0,0,0,0,0,elevation_only,
point_alpha_corridor,10,9,354,clear,0,0,0,0,0,0,elevation_only,
point_alpha_corridor,11,9,359,clear,0,0,0,0,0,0,elevation_only,
point_alpha_corridor,12,9,359,clear,0,0,0,0,0,0,elevation_only,
point_alpha_corridor,13,9,327,urban,1,11,1,3,3,0,draft,
point_alpha_corridor,14,9,324,urban,1,28,1,24,1,0,draft,
point_alpha_corridor,15,9,344,clear,1,34,0,0,0,0,draft,
point_alpha_corridor,16,9,362,clear,1,20,0,0,0,0,draft,
point_alpha_corridor,17,9,359,clear,1,33,0,0,0,0,draft,
point_alpha_corridor,18,9,345,clear,0,0,0,0,0,0,elevation_only,
point_alpha_corridor,19,9,355,clear,1,9,0,0,0,0,draft,
point_alpha_corridor,20,9,363,clear,0,0,0,0,0,0,elevation_only,
point_alpha_corridor,21,9,333,woods,0,0,0,0,0,0,draft,
point_alpha_corridor,22,9,329,woods,1,5,0,0,0,0,draft,
point_alpha_corridor,23,9,291,clear,1,40,0,0,0,0,draft,
point_alpha_corridor,24,9,285,clear,0,0,0,0,0,0,elevation_only,
point_alpha_corridor,25,9,274,woods,0,0,0,0,0,0,draft,
point_alpha_corridor,26,9,281,woods,0,0,2,9,0,0,draft,
point_alpha_corridor,27,9,333,woods,0,0,0,0,0,0,draft,
point_alpha_corridor,28,9,330,woods,2,12,0,0,0,0,draft,
point_alpha_corridor,29,9,329,clear,2,33,0,0,0,0,draft,
point_alpha_corridor,30,9,335,woods,0,0,0,0,0,0,draft,
point_alpha_corridor,31,9,329,clear,1,3,0,0,0,0,draft,
point_alpha_corridor,32,9,332,clear,1,24,0,0,0,0,draft,
point_alpha_corridor,33,9,351,clear,0,0,1,3,0,0,draft,
point_alpha_corridor,34,9,361,clear,0,0,1,24,0,0,draft,
point_alpha_corridor,35,9,409,woods,0,0,0,0,0,0,draft,
point_alpha_corridor,36,9,484,woods,0,0,0,0,0,0,draft,
point_alpha_corridor,37,9,531,woods,0,0,0,0,0,0,draft,
point_alpha_corridor,38,9,532,woods,0,0,0,0,0,0,draft,
point_alpha_corridor,39,9,465,woods,0,0,0,0,0,0,draft,
point_alpha_corridor,0,10,320,clear,1,9,1,5,0,0,draft,
point_alpha_corridor,1,10,328,woods,0,0,1,40,0,0,draft,
point_alpha_corridor,2,10,344,clear,0,0,0,0,0,0,elevation_only,
point_alpha_corridor,3,10,315,clear,0,0,0,0,0,0,elevation_only,
point_alpha_corridor,4,10,309,clear,1,9,0,0,0,0,draft,
point_alpha_corridor,5,10,359,woods,1,9,0,0,0,0,draft,
point_alpha_corridor,6,10,371,woods,1,5,0,0,0,0,draft,
point_alpha_corridor,7,10,362,clear,1,40,0,0,0,0,draft,
point_alpha_corridor,8,10,359,clear,1,12,0,0,0,0,draft,
point_alpha_corridor,9,10,359,clear,1,34,0,0,0,0,draft,
point_alpha_corridor,10,10,365,clear,1,20,0,0,0,0,draft,
point_alpha_corridor,11,10,377,clear,1,42,0,0,0,0,draft,
point_alpha_corridor,12,10,365,urban,1,28,0,0,1,0,draft,
point_alpha_corridor,13,10,333,urban,1,35,0,0,3,0,draft,
point_alpha_corridor,14,10,314,clear,1,21,1,5,0,0,draft,
point_alpha_corridor,15,10,307,clear,1,34,1,36,0,0,draft,
point_alpha_corridor,16,10,315,clear,1,24,0,0,0,0,draft,
point_alpha_corridor,17,10,319,clear,0,0,0,0,0,0,elevation_only,
point_alpha_corridor,18,10,323,clear,1,12,0,0,0,0,draft,
point_alpha_corridor,19,10,321,clear,1,33,0,0,0,0,draft,
point_alpha_corridor,20,10,344,clear,0,0,0,0,0,0,elevation_only,
point_alpha_corridor,21,10,368,woods,0,0,0,0,0,0,draft,
point_alpha_corridor,22,10,379,woods,0,0,0,0,0,0,draft,
point_alpha_corridor,23,10,319,woods,1,3,0,0,0,0,draft,
point_alpha_corridor,24,10,267,clear,1,24,0,0,0,0,draft,
point_alpha_corridor,25,10,251,clear,0,0,2,10,0,0,draft,
point_alpha_corridor,26,10,294,woods,0,0,2,17,0,0,draft,
point_alpha_corridor,27,10,310,woods,2,10,0,0,0,0,draft,
point_alpha_corridor,28,10,317,clear,2,17,0,0,0,0,draft,
point_alpha_corridor,29,10,345,woods,0,0,0,0,0,0,draft,
point_alpha_corridor,30,10,352,woods,0,0,0,0,0,0,draft,
point_alpha_corridor,31,10,343,woods,0,0,0,0,0,0,draft,
point_alpha_corridor,32,10,353,woods,1,5,0,0,0,0,draft,
point_alpha_corridor,33,10,385,woods,1,34,0,0,0,0,draft,
point_alpha_corridor,34,10,378,clear,1,20,1,5,0,0,draft,
point_alpha_corridor,35,10,384,woods,1,32,1,40,0,0,draft,
point_alpha_corridor,36,10,444,woods,0,0,0,0,0,0,draft,
point_alpha_corridor,37,10,487,woods,0,0,0,0,0,0,draft,
point_alpha_corridor,38,10,475,woods,0,0,0,0,0,0,draft,
point_alpha_corridor,39,10,437,woods,1,0,0,0,0,0,draft,
point_alpha_corridor,0,11,359,woods,1,5,0,0,0,0,draft,
point_alpha_corridor,1,11,306,clear,1,40,1,9,0,0,draft,
point_alpha_corridor,2,11,321,clear,1,8,0,0,0,0,draft,
point_alpha_corridor,3,11,303,clear,1,10,0,0,0,0,draft,
point_alpha_corridor,4,11,324,urban,1,17,0,0,3,0,draft,
point_alpha_corridor,5,11,347,urban,1,17,0,0,2,0,draft,
point_alpha_corridor,6,11,359,clear,1,12,0,0,0,0,draft,
point_alpha_corridor,7,11,367,clear,1,35,0,0,0,0,draft,
point_alpha_corridor,8,11,374,clear,1,17,0,0,0,0,draft,
point_alpha_corridor,9,11,375,clear,0,0,0,0,0,0,elevation_only,
point_alpha_corridor,10,11,392,clear,1,12,0,0,0,0,draft,
point_alpha_corridor,11,11,412,clear,1,33,0,0,0,0,draft,
point_alpha_corridor,12,11,416,woods,1,9,0,0,0,0,draft,
point_alpha_corridor,13,11,397,woods,0,0,0,0,0,0,draft,
point_alpha_corridor,14,11,341,clear,0,0,0,0,0,0,elevation_only,
point_alpha_corridor,15,11,313,clear,0,0,0,0,0,0,elevation_only,
point_alpha_corridor,16,11,301,clear,1,5,1,36,0,0,draft,
point_alpha_corridor,17,11,295,clear,1,34,2,36,0,0,draft,
point_alpha_corridor,18,11,299,clear,1,29,0,0,0,0,draft,
point_alpha_corridor,19,11,300,clear,1,40,0,0,0,0,draft,
point_alpha_corridor,20,11,322,clear,0,0,0,0,0,0,elevation_only,
point_alpha_corridor,21,11,341,woods,0,0,0,0,0,0,draft,
point_alpha_corridor,22,11,352,woods,0,0,0,0,0,0,draft,
point_alpha_corridor,23,11,350,woods,0,0,0,0,0,0,draft,
point_alpha_corridor,24,11,264,clear,1,9,2,12,0,0,draft,
point_alpha_corridor,25,11,257,clear,0,0,2,41,0,0,draft,
point_alpha_corridor,26,11,280,clear,0,0,0,0,0,0,elevation_only,
point_alpha_corridor,27,11,291,clear,2,17,0,0,0,0,draft,
point_alpha_corridor,28,11,315,woods,0,0,0,0,0,0,draft,
point_alpha_corridor,29,11,358,woods,0,0,0,0,0,0,draft,
point_alpha_corridor,30,11,378,woods,0,0,0,0,0,0,draft,
point_alpha_corridor,31,11,361,woods,0,0,0,0,0,0,draft,
point_alpha_corridor,32,11,384,woods,0,0,0,0,0,0,draft,
point_alpha_corridor,33,11,409,woods,0,0,0,0,0,0,draft,
point_alpha_corridor,34,11,422,woods,0,0,0,0,0,0,draft,
point_alpha_corridor,35,11,436,woods,0,0,1,3,0,0,draft,
point_alpha_corridor,36,11,431,woods,0,0,1,20,0,0,draft,
point_alpha_corridor,37,11,453,woods,0,0,1,32,0,0,draft,
point_alpha_corridor,38,11,424,woods,0,0,0,0,0,0,draft,
point_alpha_corridor,39,11,409,clear,0,0,0,0,0,0,elevation_only,
point_alpha_corridor,0,12,346,woods,0,0,0,0,0,0,draft,
point_alpha_corridor,1,12,301,urban,1,11,1,3,3,0,draft,
point_alpha_corridor,2,12,293,urban,1,21,1,24,3,0,draft,
point_alpha_corridor,3,12,301,urban,1,35,0,0,1,0,draft,
point_alpha_corridor,4,12,311,urban,1,30,0,0,3,0,draft,
point_alpha_corridor,5,12,333,urban,1,34,0,0,3,0,draft,
point_alpha_corridor,6,12,348,clear,1,17,0,0,0,0,draft,
point_alpha_corridor,7,12,362,clear,1,8,0,0,0,0,draft,
point_alpha_corridor,8,12,380,clear,0,0,0,0,0,0,elevation_only,
point_alpha_corridor,9,12,377,clear,1,10,0,0,0,0,draft,
point_alpha_corridor,10,12,396,clear,1,17,0,0,0,0,draft,
point_alpha_corridor,11,12,426,woods,0,0,0,0,0,0,draft,
point_alpha_corridor,12,12,435,woods,1,9,0,0,0,0,draft,
point_alpha_corridor,13,12,374,woods,0,0,0,0,0,0,draft,
point_alpha_corridor,14,12,323,clear,0,0,0,0,0,0,elevation_only,
point_alpha_corridor,15,12,315,clear,0,0,0,0,0,0,elevation_only,
point_alpha_corridor,16,12,311,clear,0,0,0,0,0,0,elevation_only,
point_alpha_corridor,17,12,298,clear,0,0,0,0,0,0,elevation_only,
point_alpha_corridor,18,12,289,clear,1,9,2,36,0,0,draft,
point_alpha_corridor,19,12,281,clear,1,1,2,40,0,0,draft,
point_alpha_corridor,20,12,288,clear,0,0,2,12,0,0,draft,
point_alpha_corridor,21,12,299,woods,0,0,2,40,0,0,draft,
point_alpha_corridor,22,12,311,woods,0,0,0,0,0,0,draft,
point_alpha_corridor,23,12,288,woods,0,0,1,10,0,0,draft,
point_alpha_corridor,24,12,260,clear,1,5,1,17,0,0,draft,
point_alpha_corridor,25,12,255,clear,1,40,2,9,0,0,draft,
point_alpha_corridor,26,12,264,urban,2,10,0,0,3,0,draft,
point_alpha_corridor,27,12,282,clear,0,0,0,0,0,0,elevation_only,
point_alpha_corridor,28,12,310,woods,0,0,0,0,0,0,draft,
point_alpha_corridor,29,12,363,woods,0,0,0,0,0,0,draft,
point_alpha_corridor,30,12,384,woods,0,0,0,0,0,0,draft,
point_alpha_corridor,31,12,354,woods,0,0,0,0,0,0,draft,
point_alpha_corridor,32,12,355,woods,0,0,0,0,0,0,draft,
point_alpha_corridor,33,12,350,woods,0,0,0,0,0,0,draft,
point_alpha_corridor,34,12,423,woods,0,0,0,0,0,0,draft,
point_alpha_corridor,35,12,422,woods,0,0,0,0,0,0,draft,
point_alpha_corridor,36,12,432,woods,0,0,0,0,0,0,draft,
point_alpha_corridor,37,12,416,woods,0,0,0,0,0,0,draft,
point_alpha_corridor,38,12,390,clear,0,0,0,0,0,0,elevation_only,
point_alpha_corridor,39,12,379,clear,1,8,0,0,0,0,draft,
point_alpha_corridor,0,13,331,clear,1,12,0,0,0,0,draft,
point_alpha_corridor,1,13,323,clear,1,51,0,0,0,0,draft,
point_alpha_corridor,2,13,301,clear,1,20,1,5,0,0,draft,
point_alpha_corridor,3,13,297,clear,1,34,1,42,0,0,draft,
point_alpha_corridor,4,13,307,clear,1,29,1,28,0,0,draft,
point_alpha_corridor,5,13,313,urban,1,34,1,32,3,0,draft,
point_alpha_corridor,6,13,331,urban,1,28,0,0,1,0,draft,
point_alpha_corridor,7,13,355,clear,1,41,0,0,0,0,draft,
point_alpha_corridor,8,13,378,clear,1,12,0,0,0,0,draft,
point_alpha_corridor,9,13,365,clear,1,33,0,0,0,0,draft,
point_alpha_corridor,10,13,374,clear,0,0,0,0,0,0,elevation_only,
point_alpha_corridor,11,13,398,clear,0,0,0,0,0,0,elevation_only,
point_alpha_corridor,12,13,405,woods,1,9,0,0,0,0,draft,
point_alpha_corridor,13,13,356,woods,0,0,0,0,0,0,draft,
point_alpha_corridor,14,13,343,woods,0,0,0,0,0,0,draft,
point_alpha_corridor,15,13,320,woods,0,0,0,0,0,0,draft,
point_alpha_corridor,16,13,295,clear,0,0,0,0,0,0,elevation_only,
point_alpha_corridor,17,13,287,clear,1,10,2,18,0,0,draft,
point_alpha_corridor,18,13,286,clear,1,21,2,20,0,0,draft,
point_alpha_corridor,19,13,284,clear,1,34,2,35,0,0,draft,
point_alpha_corridor,20,13,282,clear,1,24,2,17,0,0,draft,
point_alpha_corridor,21,13,283,clear,0,0,2,3,0,0,draft,
point_alpha_corridor,22,13,283,woods,0,0,2,20,0,0,draft,
point_alpha_corridor,23,13,270,woods,0,0,2,41,0,0,draft,
point_alpha_corridor,24,13,326,woods,0,0,0,0,0,0,draft,
point_alpha_corridor,25,13,270,clear,1,9,3,13,0,0,draft,
point_alpha_corridor,26,13,260,urban,2,9,0,0,3,0,draft,
point_alpha_corridor,27,13,284,woods,0,0,0,0,0,0,draft,
point_alpha_corridor,28,13,345,woods,0,0,0,0,0,0,draft,
point_alpha_corridor,29,13,335,woods,0,0,0,0,0,0,draft,
point_alpha_corridor,30,13,306,woods,0,0,1,12,0,0,draft,
point_alpha_corridor,31,13,303,clear,1,10,1,34,0,0,draft,
point_alpha_corridor,32,13,310,clear,1,20,1,20,0,0,draft,
point_alpha_corridor,33,13,326,woods,1,34,1,40,0,0,draft,
point_alpha_corridor,34,13,351,woods,1,20,0,0,0,0,draft,
point_alpha_corridor,35,13,354,clear,1,34,0,0,0,0,draft,
point_alpha_corridor,36,13,375,clear,1,20,0,0,0,0,draft,
point_alpha_corridor,37,13,392,clear,1,34,0,0,0,0,draft,
point_alpha_corridor,38,13,386,clear,1,20,0,0,0,0,draft,
point_alpha_corridor,39,13,375,clear,1,33,1,8,0,0,draft,
point_alpha_corridor,0,14,332,clear,1,3,0,0,0,0,draft,
point_alpha_corridor,1,14,331,clear,0,0,0,0,0,0,elevation_only,
point_alpha_corridor,2,14,320,clear,0,0,0,0,0,0,elevation_only,
point_alpha_corridor,3,14,302,clear,1,10,1,9,0,0,draft,
point_alpha_corridor,4,14,319,clear,1,17,1,5,0,0,draft,
point_alpha_corridor,5,14,320,clear,0,0,1,32,0,0,draft,
point_alpha_corridor,6,14,369,woods,1,5,0,0,0,0,draft,
point_alpha_corridor,7,14,377,clear,1,43,0,0,0,0,draft,
point_alpha_corridor,8,14,364,clear,1,25,0,0,0,0,draft,
point_alpha_corridor,9,14,353,clear,0,0,0,0,0,0,elevation_only,
point_alpha_corridor,10,14,368,clear,0,0,0,0,0,0,elevation_only,
point_alpha_corridor,11,14,392,clear,0,0,0,0,0,0,elevation_only,
point_alpha_corridor,12,14,395,woods,1,9,0,0,0,0,draft,
point_alpha_corridor,13,14,381,woods,0,0,0,0,0,0,draft,
point_alpha_corridor,14,14,391,woods,0,0,0,0,0,0,draft,
point_alpha_corridor,15,14,312,woods,0,0,2,10,0,0,draft,
point_alpha_corridor,16,14,291,clear,1,12,2,18,0,0,draft,
point_alpha_corridor,17,14,297,clear,1,33,0,0,0,0,draft,
point_alpha_corridor,18,14,298,clear,0,0,0,0,0,0,elevation_only,
point_alpha_corridor,19,14,297,clear,0,0,0,0,0,0,elevation_only,
point_alpha_corridor,20,14,301,clear,1,5,0,0,0,0,draft,
point_alpha_corridor,21,14,296,clear,1,40,0,0,0,0,draft,
point_alpha_corridor,22,14,300,clear,0,0,0,0,0,0,elevation_only,
point_alpha_corridor,23,14,288,clear,0,0,1,3,0,0,draft,
point_alpha_corridor,24,14,309,clear,0,0,1,24,0,0,draft,
point_alpha_corridor,25,14,288,woods,2,11,3,3,0,0,draft,
point_alpha_corridor,26,14,260,urban,2,21,3,56,3,0,draft,
point_alpha_corridor,27,14,277,clear,1,40,1,10,0,0,draft,
point_alpha_corridor,28,14,288,woods,0,0,1,20,0,0,draft,
point_alpha_corridor,29,14,283,clear,1,10,1,34,0,0,draft,
point_alpha_corridor,30,14,288,clear,1,20,1,17,0,0,draft,
point_alpha_corridor,31,14,302,clear,1,35,0,0,0,0,draft,
point_alpha_corridor,32,14,316,clear,1,24,0,0,0,0,draft,
point_alpha_corridor,33,14,326,clear,0,0,1,3,0,0,draft,
point_alpha_corridor,34,14,336,clear,0,0,1,24,0,0,draft,
point_alpha_corridor,35,14,400,woods,0,0,0,0,0,0,draft,
point_alpha_corridor,36,14,455,woods,0,0,0,0,0,0,draft,
point_alpha_corridor,37,14,426,woods,0,0,0,0,0,0,draft,
point_alpha_corridor,38,14,394,clear,0,0,0,0,0,0,elevation_only,
point_alpha_corridor,39,14,386,clear,0,0,1,9,0,0,draft,
point_alpha_corridor,0,15,340,clear,0,0,0,0,0,0,elevation_only,
point_alpha_corridor,1,15,338,clear,0,0,0,0,0,0,elevation_only,
point_alpha_corridor,2,15,321,clear,0,0,1,12,0,0,draft,
point_alpha_corridor,3,15,312,clear,1,9,1,33,0,0,draft,
point_alpha_corridor,4,15,320,clear,0,0,0,0,0,0,elevation_only,
point_alpha_corridor,5,15,347,woods,0,0,0,0,0,0,draft,
point_alpha_corridor,6,15,417,woods,0,0,0,0,0,0,draft,
point_alpha_corridor,7,15,398,woods,1,9,0,0,0,0,draft,
point_alpha_corridor,8,15,356,clear,1,5,1,8,0,0,draft,
point_alpha_corridor,9,15,344,clear,1,40,0,0,0,0,draft,
point_alpha_corridor,10,15,353,clear,0,0,0,0,0,0,elevation_only,
point_alpha_corridor,11,15,368,clear,0,0,0,0,0,0,elevation_only,
point_alpha_corridor,12,15,376,clear,1,9,0,0,0,0,draft,
point_alpha_corridor,13,15,369,clear,0,0,0,0,0,0,elevation_only,
point_alpha_corridor,14,15,351,woods,0,0,2,12,0,0,draft,
point_alpha_corridor,15,15,300,clear,1,10,2,33,0,0,draft,
point_alpha_corridor,16,15,339,woods,1,17,0,0,0,0,draft,
point_alpha_corridor,17,15,358,woods,0,0,0,0,0,0,draft,
point_alpha_corridor,18,15,350,woods,0,0,0,0,0,0,draft,
point_alpha_corridor,19,15,353,woods,0,0,0,0,0,0,draft,
point_alpha_corridor,20,15,334,woods,0,0,0,0,0,0,draft,
point_alpha_corridor,21,15,319,woods,1,3,0,0,0,0,draft,
point_alpha_corridor,22,15,302,clear,1,24,0,0,0,0,draft,
point_alpha_corridor,23,15,286,clear,0,0,1,10,0,0,draft,
point_alpha_corridor,24,15,306,clear,2,12,1,17,0,0,draft,
point_alpha_corridor,25,15,300,clear,2,41,0,0,0,0,draft,
point_alpha_corridor,26,15,264,clear,0,0,3,13,0,0,draft,
point_alpha_corridor,27,15,267,clear,1,3,1,33,0,0,draft,
point_alpha_corridor,28,15,280,woods,1,20,0,0,0,0,draft,
point_alpha_corridor,29,15,294,clear,1,33,0,0,0,0,draft,
point_alpha_corridor,30,15,306,woods,0,0,0,0,0,0,draft,
point_alpha_corridor,31,15,329,woods,0,0,0,0,0,0,draft,
point_alpha_corridor,32,15,343,woods,1,5,0,0,0,0,draft,
point_alpha_corridor,33,15,354,clear,1,40,1,10,0,0,draft,
point_alpha_corridor,34,15,351,clear,0,0,1,17,0,0,draft,
point_alpha_corridor,35,15,440,woods,0,0,0,0,0,0,draft,
point_alpha_corridor,36,15,501,woods,0,0,0,0,0,0,draft,
point_alpha_corridor,37,15,419,woods,0,0,0,0,0,0,draft,
point_alpha_corridor,38,15,400,clear,0,0,0,0,0,0,elevation_only,
point_alpha_corridor,39,15,389,clear,0,0,1,9,0,0,draft,
point_alpha_corridor,0,16,355,clear,0,0,0,0,0,0,elevation_only,
point_alpha_corridor,1,16,336,woods,0,0,1,10,0,0,draft,
point_alpha_corridor,2,16,320,clear,1,12,1,17,0,0,draft,
point_alpha_corridor,3,16,324,woods,1,41,0,0,0,0,draft,
point_alpha_corridor,4,16,355,woods,0,0,0,0,0,0,draft,
point_alpha_corridor,5,16,347,woods,0,0,0,0,0,0,draft,
point_alpha_corridor,6,16,391,woods,1,12,0,0,0,0,draft,
point_alpha_corridor,7,16,395,woods,1,33,0,0,0,0,draft,
point_alpha_corridor,8,16,364,clear,0,0,1,5,0,0,draft,
point_alpha_corridor,9,16,341,woods,1,3,1,34,0,0,draft,
point_alpha_corridor,10,16,336,clear,1,20,1,24,0,0,draft,
point_alpha_corridor,11,16,341,clear,1,36,0,0,0,0,draft,
point_alpha_corridor,12,16,341,urban,1,13,0,0,2,0,draft,
point_alpha_corridor,13,16,322,urban,1,42,2,10,3,0,draft,
point_alpha_corridor,14,16,317,urban,1,20,2,17,1,0,draft,
point_alpha_corridor,15,16,337,woods,1,33,0,0,0,0,draft,
point_alpha_corridor,16,16,388,woods,0,0,0,0,0,0,draft,
point_alpha_corridor,17,16,399,woods,0,0,0,0,0,0,draft,
point_alpha_corridor,18,16,409,woods,0,0,0,0,0,0,draft,
point_alpha_corridor,19,16,394,woods,0,0,0,0,0,0,draft,
point_alpha_corridor,20,16,322,woods,0,0,0,0,0,0,draft,
point_alpha_corridor,21,16,292,clear,1,10,1,10,0,0,draft,
point_alpha_corridor,22,16,279,clear,1,17,1,20,0,0,draft,
point_alpha_corridor,23,16,290,clear,2,10,1,33,0,0,draft,
point_alpha_corridor,24,16,322,clear,2,17,0,0,0,0,draft,
point_alpha_corridor,25,16,298,clear,2,3,0,0,0,0,draft,
point_alpha_corridor,26,16,269,clear,2,24,3,5,0,0,draft,
point_alpha_corridor,27,16,267,clear,0,0,3,40,0,0,draft,
point_alpha_corridor,28,16,288,woods,0,0,0,0,0,0,draft,
point_alpha_corridor,29,16,315,woods,0,0,0,0,0,0,draft,
point_alpha_corridor,30,16,325,woods,0,0,0,0,0,0,draft,
point_alpha_corridor,31,16,362,woods,0,0,0,0,0,0,draft,
point_alpha_corridor,32,16,390,woods,0,0,0,0,0,0,draft,
point_alpha_corridor,33,16,371,clear,1,9,1,9,0,0,draft,
point_alpha_corridor,34,16,368,clear,0,0,0,0,0,0,elevation_only,
point_alpha_corridor,35,16,432,woods,0,0,0,0,0,0,draft,
point_alpha_corridor,36,16,445,woods,0,0,0,0,0,0,draft,
point_alpha_corridor,37,16,431,clear,0,0,0,0,0,0,elevation_only,
point_alpha_corridor,38,16,412,clear,0,0,0,0,0,0,elevation_only,
point_alpha_corridor,39,16,401,clear,1,8,1,9,0,0,draft,
point_alpha_corridor,0,17,346,woods,0,0,1,12,0,0,draft,
point_alpha_corridor,1,17,333,clear,0,0,1,33,0,0,draft,
point_alpha_corridor,2,17,342,woods,1,9,0,0,0,0,draft,
point_alpha_corridor,3,17,340,woods,1,9,0,0,0,0,draft,
point_alpha_corridor,4,17,360,woods,0,0,0,0,0,0,draft,
point_alpha_corridor,5,17,366,woods,1,10,0,0,0,0,draft,
point_alpha_corridor,6,17,422,woods,1,17,0,0,0,0,draft,
point_alpha_corridor,7,17,476,woods,0,0,0,0,0,0,draft,
point_alpha_corridor,8,17,401,woods,0,0,0,0,0,0,draft,
point_alpha_corridor,9,17,353,clear,0,0,0,0,0,0,elevation_only,
point_alpha_corridor,10,17,334,clear,0,0,1,5,0,0,draft,
point_alpha_corridor,11,17,333,clear,0,0,1,34,0,0,draft,
point_alpha_corridor,12,17,326,urban,1,37,1,28,2,0,draft,
point_alpha_corridor,13,17,317,urban,1,41,2,33,3,0,draft,
point_alpha_corridor,14,17,366,clear,0,0,0,0,0,0,elevation_only,
point_alpha_corridor,15,17,430,woods,0,0,0,0,0,0,draft,
point_alpha_corridor,16,17,411,woods,0,0,0,0,0,0,draft,
point_alpha_corridor,17,17,362,woods,0,0,0,0,0,0,draft,
point_alpha_corridor,18,17,359,woods,0,0,0,0,0,0,draft,
point_alpha_corridor,19,17,318,clear,0,0,0,0,0,0,elevation_only,
point_alpha_corridor,20,17,295,clear,0,0,1,12,0,0,draft,
point_alpha_corridor,21,17,286,clear,1,3,1,33,0,0,draft,
point_alpha_corridor,22,17,294,clear,2,28,0,0,0,0,draft,
point_alpha_corridor,23,17,331,woods,2,33,0,0,0,0,draft,
point_alpha_corridor,24,17,357,woods,0,0,0,0,0,0,draft,
point_alpha_corridor,25,17,321,woods,0,0,0,0,0,0,draft,
point_alpha_corridor,26,17,284,clear,2,9,0,0,0,0,draft,
point_alpha_corridor,27,17,267,clear,0,0,3,9,0,0,draft,
point_alpha_corridor,28,17,292,urban,1,8,0,0,1,0,draft,
point_alpha_corridor,29,17,331,clear,0,0,0,0,0,0,elevation_only,
point_alpha_corridor,30,17,355,woods,0,0,0,0,0,0,draft,
point_alpha_corridor,31,17,381,woods,0,0,0,0,0,0,draft,
point_alpha_corridor,32,17,422,woods,0,0,0,0,0,0,draft,
point_alpha_corridor,33,17,380,clear,1,9,1,3,0,0,draft,
point_alpha_corridor,34,17,427,woods,0,0,1,16,0,0,draft,
point_alpha_corridor,35,17,458,woods,0,0,0,0,0,0,draft,
point_alpha_corridor,36,17,438,clear,1,4,0,0,0,0,draft,
point_alpha_corridor,37,17,442,clear,1,40,0,0,0,0,draft,
point_alpha_corridor,38,17,433,clear,1,12,1,12,0,0,draft,
point_alpha_corridor,39,17,415,clear,1,33,1,33,0,0,draft,
point_alpha_corridor,0,18,352,clear,0,0,1,1,0,0,draft,
point_alpha_corridor,1,18,354,woods,1,10,0,0,0,0,draft,
point_alpha_corridor,2,18,377,woods,1,17,0,0,0,0,draft,
point_alpha_corridor,3,18,361,woods,1,3,0,0,0,0,draft,
point_alpha_corridor,4,18,369,clear,1,24,0,0,0,0,draft,
point_alpha_corridor,5,18,373,clear,1,9,0,0,0,0,draft,
point_alpha_corridor,6,18,411,woods,0,0,0,0,0,0,draft,
point_alpha_corridor,7,18,439,woods,0,0,0,0,0,0,draft,
point_alpha_corridor,8,18,395,woods,0,0,0,0,0,0,draft,
point_alpha_corridor,9,18,359,woods,0,0,0,0,0,0,draft,
point_alpha_corridor,10,18,340,clear,0,0,1,4,0,0,draft,
point_alpha_corridor,11,18,333,clear,0,0,1,34,0,0,draft,
point_alpha_corridor,12,18,326,clear,1,12,1,25,0,0,draft,
point_alpha_corridor,13,18,345,clear,1,41,0,0,0,0,draft,
point_alpha_corridor,14,18,393,woods,0,0,0,0,0,0,draft,
point_alpha_corridor,15,18,464,woods,0,0,0,0,0,0,draft,
point_alpha_corridor,16,18,417,woods,0,0,0,0,0,0,draft,
point_alpha_corridor,17,18,345,clear,0,0,0,0,0,0,elevation_only,
point_alpha_corridor,18,18,319,clear,0,0,0,0,0,0,elevation_only,
point_alpha_corridor,19,18,307,clear,0,0,1,10,0,0,draft,
point_alpha_corridor,20,18,298,clear,0,0,1,17,0,0,draft,
point_alpha_corridor,21,18,306,clear,2,10,0,0,0,0,draft,
point_alpha_corridor,22,18,339,woods,2,17,0,0,0,0,draft,
point_alpha_corridor,23,18,397,woods,0,0,0,0,0,0,draft,
point_alpha_corridor,24,18,373,woods,0,0,0,0,0,0,draft,
point_alpha_corridor,25,18,322,woods,0,0,0,0,0,0,draft,
point_alpha_corridor,26,18,297,clear,2,13,0,0,0,0,draft,
point_alpha_corridor,27,18,271,urban,2,42,3,11,1,0,draft,
point_alpha_corridor,28,18,280,urban,1,29,1,20,3,0,draft,
point_alpha_corridor,29,18,298,urban,1,32,1,40,1,0,draft,
point_alpha_corridor,30,18,347,woods,0,0,0,0,0,0,draft,
point_alpha_corridor,31,18,389,woods,0,0,0,0,0,0,draft,
point_alpha_corridor,32,18,388,woods,1,12,0,0,0,0,draft,
point_alpha_corridor,33,18,382,woods,1,33,0,0,0,0,draft,
point_alpha_corridor,34,18,437,woods,0,0,0,0,0,0,draft,
point_alpha_corridor,35,18,465,woods,0,0,0,0,0,0,draft,
point_alpha_corridor,36,18,469,clear,0,0,0,0,0,0,elevation_only,
point_alpha_corridor,37,18,446,clear,1,11,0,0,0,0,draft,
point_alpha_corridor,38,18,441,clear,1,21,1,5,0,0,draft,
point_alpha_corridor,39,18,439,clear,1,32,1,32,0,0,draft,
point_alpha_corridor,0,19,363,clear,1,12,0,0,0,0,draft,
point_alpha_corridor,1,19,389,woods,1,33,0,0,0,0,draft,
point_alpha_corridor,2,19,406,woods,0,0,0,0,0,0,draft,
point_alpha_corridor,3,19,377,woods,0,0,0,0,0,0,draft,
point_alpha_corridor,4,19,380,clear,1,13,0,0,0,0,draft,
point_alpha_corridor,5,19,390,clear,1,33,0,0,0,0,draft,
point_alpha_corridor,6,19,386,clear,0,0,0,0,0,0,elevation_only,
point_alpha_corridor,7,19,397,clear,0,0,0,0,0,0,elevation_only,
point_alpha_corridor,8,19,417,woods,0,0,0,0,0,0,draft,
point_alpha_corridor,9,19,414,woods,0,0,0,0,0,0,draft,
point_alpha_corridor,10,19,362,woods,0,0,0,0,0,0,draft,
point_alpha_corridor,11,19,337,clear,0,0,0,0,0,0,elevation_only,
point_alpha_corridor,12,19,328,clear,1,9,1,5,0,0,draft,
point_alpha_corridor,13,19,340,clear,1,3,1,40,0,0,draft,
point_alpha_corridor,14,19,370,clear,1,20,0,0,0,0,draft,
point_alpha_corridor,15,19,397,woods,1,40,0,0,0,0,draft,
point_alpha_corridor,16,19,383,clear,0,0,0,0,0,0,elevation_only,
point_alpha_corridor,17,19,352,clear,0,0,0,0,0,0,elevation_only,
point_alpha_corridor,18,19,337,clear,0,0,0,0,0,0,elevation_only,
point_alpha_corridor,19,19,303,clear,0,0,1,9,0,0,draft,
point_alpha_corridor,20,19,346,woods,0,0,0,0,0,0,draft,
point_alpha_corridor,21,19,338,clear,2,9,0,0,0,0,draft,
point_alpha_corridor,22,19,341,woods,0,0,0,0,0,0,draft,
point_alpha_corridor,23,19,381,woods,0,0,0,0,0,0,draft,
point_alpha_corridor,24,19,360,woods,0,0,0,0,0,0,draft,
point_alpha_corridor,25,19,338,woods,0,0,0,0,0,0,draft,
point_alpha_corridor,26,19,310,clear,1,9,0,0,0,0,draft,
point_alpha_corridor,27,19,273,clear,2,11,3,9,0,0,draft,
point_alpha_corridor,28,19,299,urban,1,17,0,0,1,0,draft,
point_alpha_corridor,29,19,305,clear,0,0,1,3,0,0,draft,
point_alpha_corridor,30,19,319,woods,0,0,1,20,0,0,draft,
point_alpha_corridor,31,19,338,woods,1,10,1,40,0,0,draft,
point_alpha_corridor,32,19,350,woods,1,25,1,12,0,0,draft,
point_alpha_corridor,33,19,380,woods,0,0,1,40,0,0,draft,
point_alpha_corridor,34,19,389,woods,0,0,0,0,0,0,draft,
point_alpha_corridor,35,19,461,woods,0,0,0,0,0,0,draft,
point_alpha_corridor,36,19,445,woods,1,12,0,0,0,0,draft,
point_alpha_corridor,37,19,463,clear,1,33,0,0,0,0,draft,
point_alpha_corridor,38,19,486,woods,0,0,0,0,0,0,draft,
point_alpha_corridor,39,19,495,woods,0,0,0,0,0,0,draft,
point_alpha_corridor,0,20,374,woods,1,9,0,0,0,0,draft,
point_alpha_corridor,1,20,421,woods,0,0,0,0,0,0,draft,
point_alpha_corridor,2,20,422,woods,0,0,0,0,0,0,draft,
point_alpha_corridor,3,20,416,clear,1,10,0,0,0,0,draft,
point_alpha_corridor,4,20,431,clear,1,17,0,0,0,0,draft,
point_alpha_corridor,5,20,420,woods,0,0,0,0,0,0,draft,
point_alpha_corridor,6,20,383,clear,0,0,0,0,0,0,elevation_only,
point_alpha_corridor,7,20,375,woods,0,0,0,0,0,0,draft,
point_alpha_corridor,8,20,445,woods,0,0,0,0,0,0,draft,
point_alpha_corridor,9,20,459,woods,0,0,0,0,0,0,draft,
point_alpha_corridor,10,20,400,woods,0,0,0,0,0,0,draft,
point_alpha_corridor,11,20,384,woods,0,0,0,0,0,0,draft,
point_alpha_corridor,12,20,339,clear,1,9,1,12,0,0,draft,
point_alpha_corridor,13,20,332,clear,0,0,1,33,0,0,draft,
point_alpha_corridor,14,20,347,clear,0,0,0,0,0,0,elevation_only,
point_alpha_corridor,15,20,366,clear,1,5,0,0,0,0,draft,
point_alpha_corridor,16,20,392,clear,0,0,0,0,0,0,elevation_only,
point_alpha_corridor,17,20,386,clear,0,0,0,0,0,0,elevation_only,
point_alpha_corridor,18,20,328,clear,0,0,1,12,0,0,draft,
point_alpha_corridor,19,20,319,woods,0,0,1,33,0,0,draft,
point_alpha_corridor,20,20,362,woods,0,0,0,0,0,0,draft,
point_alpha_corridor,21,20,351,woods,2,17,0,0,0,0,draft,
point_alpha_corridor,22,20,361,woods,0,0,0,0,0,0,draft,
point_alpha_corridor,23,20,398,woods,0,0,0,0,0,0,draft,
point_alpha_corridor,24,20,396,woods,0,0,0,0,0,0,draft,
point_alpha_corridor,25,20,364,woods,0,0,0,0,0,0,draft,
point_alpha_corridor,26,20,308,clear,1,9,3,12,0,0,draft,
point_alpha_corridor,27,20,276,clear,2,9,2,33,0,0,draft,
point_alpha_corridor,28,20,306,clear,0,0,0,0,0,0,elevation_only,
point_alpha_corridor,29,20,321,clear,1,10,0,0,0,0,draft,
point_alpha_corridor,30,20,323,clear,1,20,0,0,0,0,draft,
point_alpha_corridor,31,20,328,clear,1,33,1,3,0,0,draft,
point_alpha_corridor,32,20,342,clear,1,5,1,17,0,0,draft,
point_alpha_corridor,33,20,359,clear,1,42,1,9,0,0,draft,
point_alpha_corridor,34,20,399,woods,1,28,0,0,0,0,draft,
point_alpha_corridor,35,20,425,woods,1,34,0,0,0,0,draft,
point_alpha_corridor,36,20,458,woods,1,17,0,0,0,0,draft,
point_alpha_corridor,37,20,491,woods,0,0,0,0,0,0,draft,
point_alpha_corridor,38,20,521,woods,0,0,0,0,0,0,draft,
point_alpha_corridor,39,20,550,woods,0,0,0,0,0,0,draft,
point_alpha_corridor,0,21,353,woods,1,9,0,0,0,0,draft,
point_alpha_corridor,1,21,367,woods,0,0,0,0,0,0,draft,
point_alpha_corridor,2,21,377,woods,0,0,0,0,0,0,draft,
point_alpha_corridor,3,21,403,woods,1,9,0,0,0,0,draft,
point_alpha_corridor,4,21,447,woods,0,0,0,0,0,0,draft,
point_alpha_corridor,5,21,432,woods,0,0,0,0,0,0,draft,
point_alpha_corridor,6,21,364,woods,0,0,0,0,0,0,draft,
point_alpha_corridor,7,21,358,clear,0,0,0,0,0,0,elevation_only,
point_alpha_corridor,8,21,389,woods,1,8,1,8,0,0,draft,
point_alpha_corridor,9,21,404,woods,0,0,0,0,0,0,draft,
point_alpha_corridor,10,21,440,woods,0,0,0,0,0,0,draft,
point_alpha_corridor,11,21,440,woods,0,0,0,0,0,0,draft,
point_alpha_corridor,12,21,368,woods,1,9,1,9,0,0,draft,
point_alpha_corridor,13,21,354,woods,0,0,0,0,0,0,draft,
point_alpha_corridor,14,21,350,woods,0,0,0,0,0,0,draft,
point_alpha_corridor,15,21,350,clear,0,0,0,0,0,0,elevation_only,
point_alpha_corridor,16,21,364,clear,1,36,0,0,0,0,draft,
point_alpha_corridor,17,21,364,clear,1,42,0,0,0,0,draft,
point_alpha_corridor,18,21,324,urban,1,24,1,9,3,0,draft,
point_alpha_corridor,19,21,329,urban,2,10,0,0,3,0,draft,
point_alpha_corridor,20,21,354,clear,2,18,0,0,0,0,draft,
point_alpha_corridor,21,21,370,clear,1,10,0,0,0,0,draft,
point_alpha_corridor,22,21,390,clear,1,24,0,0,0,0,draft,
point_alpha_corridor,23,21,403,woods,1,18,0,0,0,0,draft,
point_alpha_corridor,24,21,360,clear,1,20,0,0,0,0,draft,
point_alpha_corridor,25,21,316,urban,1,42,0,0,2,0,draft,
point_alpha_corridor,26,21,282,clear,1,17,3,9,0,0,draft,
point_alpha_corridor,27,21,281,clear,2,11,0,0,0,0,draft,
point_alpha_corridor,28,21,301,clear,1,20,0,0,0,0,draft,
point_alpha_corridor,29,21,322,clear,1,33,0,0,0,0,draft,
point_alpha_corridor,30,21,334,clear,0,0,0,0,0,0,elevation_only,
point_alpha_corridor,31,21,333,clear,0,0,0,0,0,0,elevation_only,
point_alpha_corridor,32,21,349,clear,0,0,0,0,0,0,elevation_only,
point_alpha_corridor,33,21,367,clear,1,1,1,3,0,0,draft,
point_alpha_corridor,34,21,392,clear,1,1,1,20,0,0,draft,
point_alpha_corridor,35,21,425,woods,0,0,1,34,0,0,draft,
point_alpha_corridor,36,21,463,woods,0,0,1,24,0,0,draft,
point_alpha_corridor,37,21,530,woods,0,0,0,0,0,0,draft,
point_alpha_corridor,38,21,594,woods,0,0,0,0,0,0,draft,
point_alpha_corridor,39,21,638,woods,0,0,0,0,0,0,draft,
point_alpha_corridor,0,22,338,clear,1,5,0,0,0,0,draft,
point_alpha_corridor,1,22,336,clear,1,40,0,0,0,0,draft,
point_alpha_corridor,2,22,359,woods,0,0,0,0,0,0,draft,
point_alpha_corridor,3,22,376,woods,1,9,0,0,0,0,draft,
point_alpha_corridor,4,22,379,woods,0,0,0,0,0,0,draft,
point_alpha_corridor,5,22,376,woods,0,0,0,0,0,0,draft,
point_alpha_corridor,6,22,345,woods,0,0,0,0,0,0,draft,
point_alpha_corridor,7,22,344,clear,1,10,1,18,0,0,draft,
point_alpha_corridor,8,22,365,clear,1,17,1,17,0,0,draft,
point_alpha_corridor,9,22,406,woods,0,0,0,0,0,0,draft,
point_alpha_corridor,10,22,489,woods,0,0,0,0,0,0,draft,
point_alpha_corridor,11,22,496,woods,0,0,0,0,0,0,draft,
point_alpha_corridor,12,22,408,woods,1,9,1,1,0,0,draft,
point_alpha_corridor,13,22,414,woods,0,0,0,0,0,0,draft,
point_alpha_corridor,14,22,364,woods,2,12,0,0,0,0,draft,
point_alpha_corridor,15,22,336,clear,2,34,1,10,0,0,draft,
point_alpha_corridor,16,22,335,clear,2,20,1,20,0,0,draft,
point_alpha_corridor,17,22,325,clear,2,35,1,42,0,0,draft,
point_alpha_corridor,18,22,326,urban,2,21,1,17,3,0,draft,
point_alpha_corridor,19,22,334,urban,2,43,0,0,3,0,draft,
point_alpha_corridor,20,22,357,clear,1,20,0,0,0,0,draft,
point_alpha_corridor,21,22,391,clear,1,33,0,0,0,0,draft,
point_alpha_corridor,22,22,399,woods,1,3,0,0,0,0,draft,
point_alpha_corridor,23,22,380,clear,0,0,0,0,0,0,elevation_only,
point_alpha_corridor,24,22,315,clear,0,0,0,0,0,0,elevation_only,
point_alpha_corridor,25,22,295,urban,1,3,1,10,3,0,draft,
point_alpha_corridor,26,22,282,urban,1,28,3,25,3,0,draft,
point_alpha_corridor,27,22,283,urban,2,41,0,0,2,0,draft,
point_alpha_corridor,28,22,316,clear,0,0,0,0,0,0,elevation_only,
point_alpha_corridor,29,22,354,clear,0,0,0,0,0,0,elevation_only,
point_alpha_corridor,30,22,358,clear,0,0,0,0,0,0,elevation_only,
point_alpha_corridor,31,22,353,clear,0,0,0,0,0,0,elevation_only,
point_alpha_corridor,32,22,367,clear,0,0,0,0,0,0,elevation_only,
point_alpha_corridor,33,22,377,clear,0,0,0,0,0,0,elevation_only,
point_alpha_corridor,34,22,404,clear,0,0,0,0,0,0,elevation_only,
point_alpha_corridor,35,22,458,woods,0,0,0,0,0,0,draft,
point_alpha_corridor,36,22,498,woods,0,0,1,5,0,0,draft,
point_alpha_corridor,37,22,554,woods,0,0,1,34,0,0,draft,
point_alpha_corridor,38,22,633,woods,0,0,1,20,0,0,draft,
point_alpha_corridor,39,22,674,woods,0,0,1,32,0,0,draft,
point_alpha_corridor,0,23,330,clear,0,0,0,0,0,0,elevation_only,
point_alpha_corridor,1,23,318,clear,1,9,0,0,0,0,draft,
point_alpha_corridor,2,23,358,woods,0,0,0,0,0,0,draft,
point_alpha_corridor,3,23,367,woods,1,9,0,0,0,0,draft,
point_alpha_corridor,4,23,352,woods,0,0,0,0,0,0,draft,
point_alpha_corridor,5,23,343,clear,0,0,0,0,0,0,elevation_only,
point_alpha_corridor,6,23,328,clear,1,12,1,10,0,0,draft,
point_alpha_corridor,7,23,343,clear,1,33,0,0,0,0,draft,
point_alpha_corridor,8,23,367,woods,0,0,0,0,0,0,draft,
point_alpha_corridor,9,23,410,woods,0,0,0,0,0,0,draft,
point_alpha_corridor,10,23,440,woods,0,0,0,0,0,0,draft,
point_alpha_corridor,11,23,428,woods,0,0,0,0,0,0,draft,
point_alpha_corridor,12,23,394,woods,2,13,0,0,0,0,draft,
point_alpha_corridor,13,23,392,woods,2,34,0,0,0,0,draft,
point_alpha_corridor,14,23,357,clear,2,17,0,0,0,0,draft,
point_alpha_corridor,15,23,342,clear,0,0,1,9,0,0,draft,
point_alpha_corridor,16,23,348,clear,0,0,0,0,0,0,elevation_only,
point_alpha_corridor,17,23,339,clear,0,0,1,9,0,0,draft,
point_alpha_corridor,18,23,340,clear,0,0,0,0,0,0,elevation_only,
point_alpha_corridor,19,23,363,clear,1,5,0,0,0,0,draft,
point_alpha_corridor,20,23,386,clear,0,0,0,0,0,0,elevation_only,
point_alpha_corridor,21,23,415,clear,0,0,0,0,0,0,elevation_only,
point_alpha_corridor,22,23,386,woods,0,0,0,0,0,0,draft,
point_alpha_corridor,23,23,333,clear,0,0,0,0,0,0,elevation_only,
point_alpha_corridor,24,23,310,clear,0,0,0,0,0,0,elevation_only,
point_alpha_corridor,25,23,291,urban,1,10,1,9,3,0,draft,
point_alpha_corridor,26,23,289,urban,2,29,3,9,3,0,draft,
point_alpha_corridor,27,23,289,clear,2,33,0,0,0,0,draft,
point_alpha_corridor,28,23,342,clear,0,0,0,0,0,0,elevation_only,
point_alpha_corridor,29,23,418,woods,0,0,0,0,0,0,draft,
point_alpha_corridor,30,23,407,clear,0,0,0,0,0,0,elevation_only,
point_alpha_corridor,31,23,404,woods,0,0,0,0,0,0,draft,
point_alpha_corridor,32,23,421,woods,0,0,0,0,0,0,draft,
point_alpha_corridor,33,23,416,clear,0,0,0,0,0,0,elevation_only,
point_alpha_corridor,34,23,424,clear,0,0,0,0,0,0,elevation_only,
point_alpha_corridor,35,23,479,woods,0,0,0,0,0,0,draft,
point_alpha_corridor,36,23,555,woods,0,0,0,0,0,0,draft,
point_alpha_corridor,37,23,612,woods,0,0,0,0,0,0,draft,
point_alpha_corridor,38,23,658,woods,0,0,0,0,0,0,draft,
point_alpha_corridor,39,23,686,woods,0,0,0,0,0,0,draft,
point_alpha_corridor,0,24,318,clear,0,0,0,0,0,0,elevation_only,
point_alpha_corridor,1,24,311,clear,1,9,0,0,0,0,draft,
point_alpha_corridor,2,24,335,woods,1,12,0,0,0,0,draft,
point_alpha_corridor,3,24,354,woods,1,33,0,0,0,0,draft,
point_alpha_corridor,4,24,333,clear,0,0,0,0,0,0,elevation_only,
point_alpha_corridor,5,24,323,clear,0,0,0,0,0,0,elevation_only,
point_alpha_corridor,6,24,317,clear,1,9,1,9,0,0,draft,
point_alpha_corridor,7,24,337,clear,0,0,0,0,0,0,elevation_only,
point_alpha_corridor,8,24,355,clear,0,0,0,0,0,0,elevation_only,
point_alpha_corridor,9,24,377,woods,0,0,0,0,0,0,draft,
point_alpha_corridor,10,24,385,woods,2,12,0,0,0,0,draft,
point_alpha_corridor,11,24,370,woods,2,34,0,0,0,0,draft,
point_alpha_corridor,12,24,390,woods,2,17,0,0,0,0,draft,
point_alpha_corridor,13,24,401,woods,0,0,0,0,0,0,draft,
point_alpha_corridor,14,24,367,clear,0,0,0,0,0,0,elevation_only,
point_alpha_corridor,15,24,359,clear,0,0,1,1,0,0,draft,
point_alpha_corridor,16,24,355,clear,0,0,0,0,0,0,elevation_only,
point_alpha_corridor,17,24,359,clear,0,0,1,9,0,0,draft,
point_alpha_corridor,18,24,374,clear,0,0,0,0,0,0,elevation_only,
point_alpha_corridor,19,24,393,clear,0,0,0,0,0,0,elevation_only,
point_alpha_corridor,20,24,401,clear,1,40,0,0,0,0,draft,
point_alpha_corridor,21,24,375,clear,0,0,0,0,0,0,elevation_only,
point_alpha_corridor,22,24,363,clear,0,0,0,0,0,0,elevation_only,
point_alpha_corridor,23,24,315,clear,1,10,0,0,0,0,draft,
point_alpha_corridor,24,24,297,clear,1,20,1,12,0,0,draft,
point_alpha_corridor,25,24,297,urban,1,37,3,43,3,0,draft,
point_alpha_corridor,26,24,286,clear,2,9,3,17,0,0,draft,
point_alpha_corridor,27,24,300,clear,0,0,0,0,0,0,elevation_only,
point_alpha_corridor,28,24,357,woods,0,0,0,0,0,0,draft,
point_alpha_corridor,29,24,456,woods,0,0,0,0,0,0,draft,
point_alpha_corridor,30,24,441,woods,0,0,0,0,0,0,draft,
point_alpha_corridor,31,24,438,woods,0,0,0,0,0,0,draft,
point_alpha_corridor,32,24,445,woods,0,0,0,0,0,0,draft,
point_alpha_corridor,33,24,467,clear,0,0,0,0,0,0,elevation_only,
point_alpha_corridor,34,24,476,woods,0,0,0,0,0,0,draft,
point_alpha_corridor,35,24,512,woods,0,0,0,0,0,0,draft,
point_alpha_corridor,36,24,579,woods,0,0,0,0,0,0,draft,
point_alpha_corridor,37,24,651,woods,0,0,0,0,0,0,draft,
point_alpha_corridor,38,24,687,woods,0,0,0,0,0,0,draft,
point_alpha_corridor,39,24,653,woods,0,0,0,0,0,0,draft,
point_alpha_corridor,0,25,308,clear,1,12,0,0,0,0,draft,
point_alpha_corridor,1,25,314,clear,1,35,0,0,0,0,draft,
point_alpha_corridor,2,25,338,clear,1,29,0,0,0,0,draft,
point_alpha_corridor,3,25,344,clear,1,34,0,0,0,0,draft,
point_alpha_corridor,4,25,328,clear,1,24,0,0,0,0,draft,
point_alpha_corridor,5,25,324,clear,0,0,1,10,0,0,draft,
point_alpha_corridor,6,25,315,clear,1,9,1,17,0,0,draft,
point_alpha_corridor,7,25,343,clear,0,0,0,0,0,0,elevation_only,
point_alpha_corridor,8,25,337,clear,2,12,0,0,0,0,draft,
point_alpha_corridor,9,25,338,clear,2,42,0,0,0,0,draft,
point_alpha_corridor,10,25,347,clear,2,17,0,0,0,0,draft,
point_alpha_corridor,11,25,361,woods,0,0,0,0,0,0,draft,
point_alpha_corridor,12,25,399,woods,0,0,0,0,0,0,draft,
point_alpha_corridor,13,25,430,woods,0,0,0,0,0,0,draft,
point_alpha_corridor,14,25,420,woods,0,0,0,0,0,0,draft,
point_alpha_corridor,15,25,406,woods,0,0,0,0,0,0,draft,
point_alpha_corridor,16,25,394,woods,0,0,0,0,0,0,draft,
point_alpha_corridor,17,25,371,clear,0,0,1,9,0,0,draft,
point_alpha_corridor,18,25,381,clear,0,0,0,0,0,0,elevation_only,
point_alpha_corridor,19,25,392,clear,0,0,0,0,0,0,elevation_only,
point_alpha_corridor,20,25,380,clear,1,9,0,0,0,0,draft,
point_alpha_corridor,21,25,350,clear,0,0,0,0,0,0,elevation_only,
point_alpha_corridor,22,25,330,clear,1,12,0,0,0,0,draft,
point_alpha_corridor,23,25,304,clear,1,41,1,10,0,0,draft,
point_alpha_corridor,24,25,320,woods,0,0,1,17,0,0,draft,
point_alpha_corridor,25,25,290,clear,0,0,3,9,0,0,draft,
point_alpha_corridor,26,25,292,clear,2,45,0,0,0,0,draft,
point_alpha_corridor,27,25,306,clear,2,40,0,0,0,0,draft,
point_alpha_corridor,28,25,337,clear,0,0,0,0,0,0,elevation_only,
point_alpha_corridor,29,25,385,woods,0,0,0,0,0,0,draft,
point_alpha_corridor,30,25,417,woods,0,0,0,0,0,0,draft,
point_alpha_corridor,31,25,398,woods,1,8,0,0,0,0,draft,
point_alpha_corridor,32,25,409,woods,0,0,0,0,0,0,draft,
point_alpha_corridor,33,25,407,woods,0,0,1,10,0,0,draft,
point_alpha_corridor,34,25,427,woods,0,0,1,20,0,0,draft,
point_alpha_corridor,35,25,439,woods,0,0,1,40,0,0,draft,
point_alpha_corridor,36,25,503,woods,0,0,0,0,0,0,draft,
point_alpha_corridor,37,25,568,woods,0,0,0,0,0,0,draft,
point_alpha_corridor,38,25,610,woods,0,0,0,0,0,0,draft,
point_alpha_corridor,39,25,572,woods,0,0,0,0,0,0,draft,
point_alpha_corridor,0,26,313,clear,2,5,0,0,0,0,draft,
point_alpha_corridor,1,26,325,clear,2,34,0,0,0,0,draft,
point_alpha_corridor,2,26,328,clear,2,29,0,0,0,0,draft,
point_alpha_corridor,3,26,339,clear,1,40,0,0,0,0,draft,
point_alpha_corridor,4,26,322,clear,1,13,0,0,0,0,draft,
point_alpha_corridor,5,26,305,clear,1,34,1,9,0,0,draft,
point_alpha_corridor,6,26,320,clear,2,29,0,0,0,0,draft,
point_alpha_corridor,7,26,320,clear,2,34,2,10,0,0,draft,
point_alpha_corridor,8,26,319,clear,2,17,2,28,0,0,draft,
point_alpha_corridor,9,26,329,clear,1,3,2,40,0,0,draft,
point_alpha_corridor,10,26,343,woods,1,20,0,0,0,0,draft,
point_alpha_corridor,11,26,359,woods,1,40,0,0,0,0,draft,
point_alpha_corridor,12,26,375,woods,0,0,0,0,0,0,draft,
point_alpha_corridor,13,26,418,woods,0,0,0,0,0,0,draft,
point_alpha_corridor,14,26,487,woods,0,0,0,0,0,0,draft,
point_alpha_corridor,15,26,474,woods,0,0,0,0,0,0,draft,
point_alpha_corridor,16,26,438,woods,0,0,0,0,0,0,draft,
point_alpha_corridor,17,26,401,woods,0,0,1,17,0,0,draft,
point_alpha_corridor,18,26,397,clear,0,0,0,0,0,0,elevation_only,
point_alpha_corridor,19,26,394,clear,0,0,0,0,0,0,elevation_only,
point_alpha_corridor,20,26,388,clear,1,9,0,0,0,0,draft,
point_alpha_corridor,21,26,357,clear,1,10,0,0,0,0,draft,
point_alpha_corridor,22,26,329,clear,1,17,0,0,0,0,draft,
point_alpha_corridor,23,26,313,woods,1,9,1,9,0,0,draft,
point_alpha_corridor,24,26,366,woods,0,0,0,0,0,0,draft,
point_alpha_corridor,25,26,296,woods,0,0,3,9,0,0,draft,
point_alpha_corridor,26,26,297,clear,1,9,0,0,0,0,draft,
point_alpha_corridor,27,26,310,clear,2,11,0,0,0,0,draft,
point_alpha_corridor,28,26,323,clear,1,20,0,0,0,0,draft,
point_alpha_corridor,29,26,350,woods,1,34,0,0,0,0,draft,
point_alpha_corridor,30,26,370,woods,1,20,1,12,0,0,draft,
point_alpha_corridor,31,26,350,woods,1,35,1,34,0,0,draft,
point_alpha_corridor,32,26,364,clear,1,20,1,20,0,0,draft,
point_alpha_corridor,33,26,398,clear,1,34,1,33,0,0,draft,
point_alpha_corridor,34,26,421,clear,1,20,0,0,0,0,draft,
point_alpha_corridor,35,26,433,clear,1,34,1,3,0,0,draft,
point_alpha_corridor,36,26,426,woods,1,20,1,20,0,0,draft,
point_alpha_corridor,37,26,466,woods,1,36,1,40,0,0,draft,
point_alpha_corridor,38,26,513,woods,0,0,0,0,0,0,draft,
point_alpha_corridor,39,26,490,woods,1,16,0,0,0,0,draft,
point_alpha_corridor,0,27,318,clear,0,0,0,0,0,0,elevation_only,
point_alpha_corridor,1,27,317,clear,0,0,0,0,0,0,elevation_only,
point_alpha_corridor,2,27,307,clear,2,13,0,0,0,1,draft,
point_alpha_corridor,3,27,325,clear,2,41,0,0,0,1,draft,
point_alpha_corridor,4,27,318,clear,2,13,0,0,0,0,draft,
point_alpha_corridor,5,27,298,clear,2,34,2,11,0,0,draft,
point_alpha_corridor,6,27,308,clear,2,17,2,20,0,0,draft,
point_alpha_corridor,7,27,320,clear,0,0,2,33,0,0,draft,
point_alpha_corridor,8,27,332,clear,0,0,2,1,0,0,draft,
point_alpha_corridor,9,27,338,woods,0,0,2,3,0,0,draft,
point_alpha_corridor,10,27,346,woods,0,0,2,20,0,0,draft,
point_alpha_corridor,11,27,348,woods,1,9,2,40,0,0,draft,
point_alpha_corridor,12,27,372,clear,0,0,0,0,0,0,elevation_only,
point_alpha_corridor,13,27,430,woods,0,0,0,0,0,0,draft,
point_alpha_corridor,14,27,504,woods,0,0,0,0,0,0,draft,
point_alpha_corridor,15,27,506,woods,0,0,0,0,0,0,draft,
point_alpha_corridor,16,27,439,woods,0,0,1,2,0,0,draft,
point_alpha_corridor,17,27,433,woods,0,0,0,0,0,0,draft,
point_alpha_corridor,18,27,398,clear,0,0,0,0,0,0,elevation_only,
point_alpha_corridor,19,27,377,clear,1,18,0,0,0,0,draft,
point_alpha_corridor,20,27,363,clear,1,29,0,0,0,0,draft,
point_alpha_corridor,21,27,345,clear,1,33,0,0,0,0,draft,
point_alpha_corridor,22,27,332,clear,0,0,0,0,0,0,elevation_only,
point_alpha_corridor,23,27,318,woods,1,9,1,9,0,0,draft,
point_alpha_corridor,24,27,352,woods,0,0,0,0,0,0,draft,
point_alpha_corridor,25,27,333,woods,0,0,2,3,0,0,draft,
point_alpha_corridor,26,27,298,clear,1,5,2,28,0,0,draft,
point_alpha_corridor,27,27,304,clear,2,41,1,34,0,0,draft,
point_alpha_corridor,28,27,326,clear,0,0,1,20,0,0,draft,
point_alpha_corridor,29,27,338,clear,0,0,1,34,0,0,draft,
point_alpha_corridor,30,27,350,clear,0,0,1,17,0,0,draft,
point_alpha_corridor,31,27,365,clear,0,0,0,0,0,0,elevation_only,
point_alpha_corridor,32,27,393,clear,0,0,0,0,0,0,elevation_only,
point_alpha_corridor,33,27,436,clear,0,0,0,0,0,0,elevation_only,
point_alpha_corridor,34,27,471,woods,0,0,0,0,0,0,draft,
point_alpha_corridor,35,27,504,woods,0,0,0,0,0,0,draft,
point_alpha_corridor,36,27,510,woods,0,0,0,0,0,0,draft,
point_alpha_corridor,37,27,478,woods,0,0,1,3,0,0,draft,
point_alpha_corridor,38,27,465,woods,1,38,1,20,0,0,draft,
point_alpha_corridor,39,27,501,woods,1,40,1,40,0,0,draft,
point_alpha_corridor,0,28,309,clear,0,0,0,0,0,0,elevation_only,
point_alpha_corridor,1,28,294,clear,0,0,0,0,0,0,elevation_only,
point_alpha_corridor,2,28,303,clear,2,5,0,0,0,0,draft,
point_alpha_corridor,3,28,315,clear,2,55,0,0,0,1,draft,
point_alpha_corridor,4,28,310,clear,2,17,0,0,0,1,draft,
point_alpha_corridor,5,28,294,clear,1,10,2,9,0,0,draft,
point_alpha_corridor,6,28,324,clear,1,20,0,0,0,0,draft,
point_alpha_corridor,7,28,334,clear,1,34,0,0,0,0,draft,
point_alpha_corridor,8,28,350,clear,1,20,0,0,0,0,draft,
point_alpha_corridor,9,28,373,woods,1,34,0,0,0,0,draft,
point_alpha_corridor,10,28,380,woods,1,20,0,0,0,0,draft,
point_alpha_corridor,11,28,359,clear,1,43,2,9,0,0,draft,
point_alpha_corridor,12,28,387,clear,1,24,0,0,0,0,draft,
point_alpha_corridor,13,28,458,woods,0,0,0,0,0,0,draft,
point_alpha_corridor,14,28,523,woods,0,0,0,0,0,0,draft,
point_alpha_corridor,15,28,508,woods,0,0,0,0,0,0,draft,
point_alpha_corridor,16,28,452,woods,0,0,0,0,0,0,draft,
point_alpha_corridor,17,28,413,woods,1,10,0,0,0,0,draft,
point_alpha_corridor,18,28,378,clear,1,18,0,0,0,0,draft,
point_alpha_corridor,19,28,377,clear,0,0,0,0,0,0,elevation_only,
point_alpha_corridor,20,28,368,clear,1,5,0,0,0,0,draft,
point_alpha_corridor,21,28,346,clear,1,40,0,0,0,0,draft,
point_alpha_corridor,22,28,338,clear,0,0,0,0,0,0,elevation_only,
point_alpha_corridor,23,28,336,woods,1,9,1,9,0,0,draft,
point_alpha_corridor,24,28,368,woods,0,0,0,0,0,0,draft,
point_alpha_corridor,25,28,413,woods,0,0,0,0,0,0,draft,
point_alpha_corridor,26,28,333,clear,0,0,2,5,0,0,draft,
point_alpha_corridor,27,28,300,clear,2,5,2,40,0,0,draft,
point_alpha_corridor,28,28,323,clear,0,0,0,0,0,0,elevation_only,
point_alpha_corridor,29,28,342,clear,0,0,0,0,0,0,elevation_only,
point_alpha_corridor,30,28,349,clear,0,0,0,0,0,0,elevation_only,
point_alpha_corridor,31,28,369,clear,0,0,0,0,0,0,elevation_only,
point_alpha_corridor,32,28,432,clear,0,0,0,0,0,0,elevation_only,
point_alpha_corridor,33,28,503,woods,0,0,0,0,0,0,draft,
point_alpha_corridor,34,28,543,woods,0,0,0,0,0,0,draft,
point_alpha_corridor,35,28,579,woods,0,0,0,0,0,0,draft,
point_alpha_corridor,36,28,609,woods,0,0,0,0,0,0,draft,
point_alpha_corridor,37,28,566,woods,0,0,0,0,0,0,draft,
point_alpha_corridor,38,28,517,woods,0,0,0,0,0,0,draft,
point_alpha_corridor,39,28,494,woods,1,1,1,9,0,0,draft,
point_alpha_corridor,0,29,288,clear,0,0,0,0,0,0,elevation_only,
point_alpha_corridor,1,29,303,clear,0,0,0,0,0,0,elevation_only,
point_alpha_corridor,2,29,308,clear,1,10,0,0,0,0,draft,
point_alpha_corridor,3,29,304,clear,0,0,0,0,0,0,elevation_only,
point_alpha_corridor,4,29,291,urban,1,44,2,12,1,0,draft,
point_alpha_corridor,5,29,295,urban,1,33,2,33,3,0,draft,
point_alpha_corridor,6,29,317,clear,0,0,0,0,0,0,elevation_only,
point_alpha_corridor,7,29,338,clear,0,0,0,0,0,0,elevation_only,
point_alpha_corridor,8,29,369,woods,0,0,0,0,0,0,draft,
point_alpha_corridor,9,29,432,woods,0,0,0,0,0,0,draft,
point_alpha_corridor,10,29,432,woods,0,0,0,0,0,0,draft,
point_alpha_corridor,11,29,380,clear,1,3,2,11,0,0,draft,
point_alpha_corridor,12,29,384,clear,1,25,1,20,0,0,draft,
point_alpha_corridor,13,29,425,woods,0,0,1,40,0,0,draft,
point_alpha_corridor,14,29,471,woods,1,12,1,8,0,0,draft,
point_alpha_corridor,15,29,454,woods,1,34,0,0,0,0,draft,
point_alpha_corridor,16,29,417,woods,1,20,0,0,0,0,draft,
point_alpha_corridor,17,29,401,woods,1,33,0,0,0,0,draft,
point_alpha_corridor,18,29,402,clear,0,0,0,0,0,0,elevation_only,
point_alpha_corridor,19,29,388,clear,0,0,0,0,0,0,elevation_only,
point_alpha_corridor,20,29,374,clear,0,0,0,0,0,0,elevation_only,
point_alpha_corridor,21,29,373,clear,1,3,0,0,0,0,draft,
point_alpha_corridor,22,29,354,clear,1,20,0,0,0,0,draft,
point_alpha_corridor,23,29,336,urban,1,41,1,9,2,0,draft,
point_alpha_corridor,24,29,384,woods,0,0,0,0,0,0,draft,
point_alpha_corridor,25,29,426,clear,0,0,0,0,0,0,elevation_only,
point_alpha_corridor,26,29,401,woods,0,0,0,0,0,0,draft,
point_alpha_corridor,27,29,317,woods,0,0,2,9,0,0,draft,
point_alpha_corridor,28,29,315,clear,2,40,0,0,0,0,draft,
point_alpha_corridor,29,29,336,clear,0,0,0,0,0,0,elevation_only,
point_alpha_corridor,30,29,353,clear,0,0,0,0,0,0,elevation_only,
point_alpha_corridor,31,29,383,clear,0,0,0,0,0,0,elevation_only,
point_alpha_corridor,32,29,453,woods,0,0,0,0,0,0,draft,
point_alpha_corridor,33,29,541,woods,0,0,0,0,0,0,draft,
point_alpha_corridor,34,29,627,woods,0,0,0,0,0,0,draft,
point_alpha_corridor,35,29,658,woods,0,0,0,0,0,0,draft,
point_alpha_corridor,36,29,677,woods,0,0,0,0,0,0,draft,
point_alpha_corridor,37,29,617,woods,0,0,0,0,0,0,draft,
point_alpha_corridor,38,29,559,woods,0,0,0,0,0,0,draft,
point_alpha_corridor,39,29,510,woods,0,0,1,9,0,0,draft,
point_alpha_corridor,0,30,278,urban,1,12,0,0,3,0,draft,
point_alpha_corridor,1,30,299,urban,1,42,0,0,3,0,draft,
point_alpha_corridor,2,30,281,clear,1,17,2,12,0,0,draft,
point_alpha_corridor,3,30,282,urban,1,10,2,34,1,0,draft,
point_alpha_corridor,4,30,305,urban,1,17,2,17,2,0,draft,
point_alpha_corridor,5,30,350,urban,0,0,0,0,1,0,draft,
point_alpha_corridor,6,30,326,clear,0,0,0,0,0,0,elevation_only,
point_alpha_corridor,7,30,358,woods,0,0,0,0,0,0,draft,
point_alpha_corridor,8,30,386,woods,0,0,0,0,0,0,draft,
point_alpha_corridor,9,30,449,woods,0,0,0,0,0,0,draft,
point_alpha_corridor,10,30,450,woods,0,0,0,0,0,0,draft,
point_alpha_corridor,11,30,399,clear,0,0,1,5,0,0,draft,
point_alpha_corridor,12,30,407,clear,1,13,1,8,0,0,draft,
point_alpha_corridor,13,30,414,clear,1,34,1,3,0,0,draft,
point_alpha_corridor,14,30,465,woods,1,17,1,17,0,0,draft,
point_alpha_corridor,15,30,486,woods,0,0,0,0,0,0,draft,
point_alpha_corridor,16,30,439,woods,0,0,0,0,0,0,draft,
point_alpha_corridor,17,30,438,woods,0,0,0,0,0,0,draft,
point_alpha_corridor,18,30,417,woods,0,0,0,0,0,0,draft,
point_alpha_corridor,19,30,395,clear,0,0,0,0,0,0,elevation_only,
point_alpha_corridor,20,30,405,clear,0,0,0,0,0,0,elevation_only,
point_alpha_corridor,21,30,405,clear,0,0,0,0,0,0,elevation_only,
point_alpha_corridor,22,30,360,urban,0,0,0,0,2,0,draft,
point_alpha_corridor,23,30,341,urban,1,11,1,9,3,0,draft,
point_alpha_corridor,24,30,383,urban,1,20,0,0,1,0,draft,
point_alpha_corridor,25,30,435,clear,1,32,0,0,0,0,draft,
point_alpha_corridor,26,30,437,woods,0,0,0,0,0,0,draft,
point_alpha_corridor,27,30,359,clear,1,10,2,3,0,0,draft,
point_alpha_corridor,28,30,309,clear,2,21,2,20,0,0,draft,
point_alpha_corridor,29,30,327,clear,2,40,2,40,0,0,draft,
point_alpha_corridor,30,30,358,clear,0,0,0,0,0,0,elevation_only,
point_alpha_corridor,31,30,399,clear,0,0,0,0,0,0,elevation_only,
point_alpha_corridor,32,30,456,woods,0,0,0,0,0,0,draft,
point_alpha_corridor,33,30,532,woods,0,0,0,0,0,0,draft,
point_alpha_corridor,34,30,606,woods,0,0,0,0,0,0,draft,
point_alpha_corridor,35,30,671,woods,0,0,0,0,0,0,draft,
point_alpha_corridor,36,30,686,woods,0,0,0,0,0,0,draft,
point_alpha_corridor,37,30,649,woods,0,0,0,0,0,0,draft,
point_alpha_corridor,38,30,577,woods,0,0,0,0,0,0,draft,
point_alpha_corridor,39,30,554,woods,0,0,1,1,0,0,draft,
point_alpha_corridor,0,31,267,urban,1,9,2,12,3,0,draft,
point_alpha_corridor,1,31,268,clear,1,11,2,34,0,0,draft,
point_alpha_corridor,2,31,282,urban,1,20,2,17,1,0,draft,
point_alpha_corridor,3,31,312,clear,1,33,0,0,0,0,draft,
point_alpha_corridor,4,31,343,clear,0,0,0,0,0,0,elevation_only,
point_alpha_corridor,5,31,372,clear,0,0,0,0,0,0,elevation_only,
point_alpha_corridor,6,31,364,clear,0,0,0,0,0,0,elevation_only,
point_alpha_corridor,7,31,382,woods,0,0,0,0,0,0,draft,
point_alpha_corridor,8,31,403,woods,0,0,0,0,0,0,draft,
point_alpha_corridor,9,31,457,woods,0,0,0,0,0,0,draft,
point_alpha_corridor,10,31,475,woods,0,0,0,0,0,0,draft,
point_alpha_corridor,11,31,442,woods,0,0,0,0,0,0,draft,
point_alpha_corridor,12,31,424,clear,1,9,1,37,0,0,draft,
point_alpha_corridor,13,31,433,woods,0,0,1,40,0,0,draft,
point_alpha_corridor,14,31,497,woods,0,0,1,8,0,0,draft,
point_alpha_corridor,15,31,529,woods,0,0,0,0,0,0,draft,
point_alpha_corridor,16,31,482,woods,0,0,0,0,0,0,draft,
point_alpha_corridor,17,31,469,woods,0,0,0,0,0,0,draft,
point_alpha_corridor,18,31,422,woods,0,0,0,0,0,0,draft,
point_alpha_corridor,19,31,414,clear,0,0,0,0,0,0,elevation_only,
point_alpha_corridor,20,31,413,clear,0,0,0,0,0,0,elevation_only,
point_alpha_corridor,21,31,376,clear,0,0,0,0,0,0,elevation_only,
point_alpha_corridor,22,31,355,clear,0,0,0,0,0,0,elevation_only,
point_alpha_corridor,23,31,346,urban,1,9,1,9,1,0,draft,
point_alpha_corridor,24,31,398,woods,0,0,0,0,0,0,draft,
point_alpha_corridor,25,31,427,woods,0,0,0,0,0,0,draft,
point_alpha_corridor,26,31,373,woods,0,0,0,0,0,0,draft,
point_alpha_corridor,27,31,336,clear,1,17,0,0,0,0,draft,
point_alpha_corridor,28,31,317,clear,0,0,1,12,0,0,draft,
point_alpha_corridor,29,31,313,clear,2,9,2,41,0,0,draft,
point_alpha_corridor,30,31,341,clear,0,0,0,0,0,0,elevation_only,
point_alpha_corridor,31,31,383,clear,0,0,0,0,0,0,elevation_only,
point_alpha_corridor,32,31,445,woods,0,0,0,0,0,0,draft,
point_alpha_corridor,33,31,517,woods,0,0,0,0,0,0,draft,
point_alpha_corridor,34,31,567,woods,0,0,0,0,0,0,draft,
point_alpha_corridor,35,31,609,woods,0,0,0,0,0,0,draft,
point_alpha_corridor,36,31,651,woods,0,0,0,0,0,0,draft,
point_alpha_corridor,37,31,639,woods,0,0,0,0,0,0,draft,
point_alpha_corridor,38,31,615,woods,0,0,0,0,0,0,draft,
point_alpha_corridor,39,31,614,woods,0,0,0,0,0,0,draft,
point_alpha_corridor,0,32,268,urban,1,13,2,1,3,0,draft,
point_alpha_corridor,1,32,289,urban,1,41,0,0,3,0,draft,
point_alpha_corridor,2,32,329,urban,0,0,0,0,1,0,draft,
point_alpha_corridor,3,32,332,clear,0,0,0,0,0,0,elevation_only,
point_alpha_corridor,4,32,359,clear,0,0,0,0,0,0,elevation_only,
point_alpha_corridor,5,32,366,clear,0,0,0,0,0,0,elevation_only,
point_alpha_corridor,6,32,377,clear,0,0,0,0,0,0,elevation_only,
point_alpha_corridor,7,32,386,clear,0,0,0,0,0,0,elevation_only,
point_alpha_corridor,8,32,406,woods,0,0,0,0,0,0,draft,
point_alpha_corridor,9,32,465,woods,0,0,0,0,0,0,draft,
point_alpha_corridor,10,32,498,woods,0,0,0,0,0,0,draft,
point_alpha_corridor,11,32,475,woods,0,0,0,0,0,0,draft,
point_alpha_corridor,12,32,453,woods,1,9,0,0,0,0,draft,
point_alpha_corridor,13,32,458,woods,0,0,1,3,0,0,draft,
point_alpha_corridor,14,32,499,woods,0,0,1,17,0,0,draft,
point_alpha_corridor,15,32,525,woods,0,0,0,0,0,0,draft,
point_alpha_corridor,16,32,530,woods,0,0,0,0,0,0,draft,
point_alpha_corridor,17,32,478,woods,0,0,0,0,0,0,draft,
point_alpha_corridor,18,32,433,woods,0,0,0,0,0,0,draft,
point_alpha_corridor,19,32,408,clear,0,0,0,0,0,0,elevation_only,
point_alpha_corridor,20,32,391,clear,0,0,0,0,0,0,elevation_only,
point_alpha_corridor,21,32,369,clear,0,0,0,0,0,0,elevation_only,
point_alpha_corridor,22,32,358,clear,1,12,0,0,0,0,draft,
point_alpha_corridor,23,32,360,woods,1,33,1,17,0,0,draft,
point_alpha_corridor,24,32,410,woods,0,0,0,0,0,0,draft,
point_alpha_corridor,25,32,417,woods,0,0,0,0,0,0,draft,
point_alpha_corridor,26,32,361,clear,1,14,0,0,0,0,draft,
point_alpha_corridor,27,32,343,clear,1,32,1,10,0,0,draft,
point_alpha_corridor,28,32,326,clear,0,0,1,17,0,0,draft,
point_alpha_corridor,29,32,322,clear,2,3,2,3,0,0,draft,
point_alpha_corridor,30,32,322,clear,2,24,2,24,0,0,draft,
point_alpha_corridor,31,32,354,clear,0,0,0,0,0,0,elevation_only,
point_alpha_corridor,32,32,395,clear,0,0,0,0,0,0,elevation_only,
point_alpha_corridor,33,32,454,woods,0,0,0,0,0,0,draft,
point_alpha_corridor,34,32,525,woods,0,0,0,0,0,0,draft,
point_alpha_corridor,35,32,558,woods,0,0,0,0,0,0,draft,
point_alpha_corridor,36,32,582,woods,0,0,0,0,0,0,draft,
point_alpha_corridor,37,32,584,woods,0,0,0,0,0,0,draft,
point_alpha_corridor,38,32,613,clear,1,12,0,0,0,0,draft,
point_alpha_corridor,39,32,615,clear,1,40,0,0,0,0,draft,
point_alpha_corridor,0,33,275,urban,1,13,0,0,3,0,draft,
point_alpha_corridor,1,33,298,urban,1,43,0,0,3,0,draft,
point_alpha_corridor,2,33,323,urban,1,20,0,0,3,0,draft,
point_alpha_corridor,3,33,339,clear,1,34,0,0,0,0,draft,
point_alpha_corridor,4,33,340,clear,1,28,0,0,0,0,draft,
point_alpha_corridor,5,33,328,clear,1,40,0,0,0,0,draft,
point_alpha_corridor,6,33,350,woods,0,0,0,0,0,0,draft,
point_alpha_corridor,7,33,369,woods,0,0,0,0,0,0,draft,
point_alpha_corridor,8,33,422,woods,0,0,0,0,0,0,draft,
point_alpha_corridor,9,33,479,woods,0,0,0,0,0,0,draft,
point_alpha_corridor,10,33,517,woods,0,0,0,0,0,0,draft,
point_alpha_corridor,11,33,491,woods,1,10,0,0,0,0,draft,
point_alpha_corridor,12,33,456,clear,1,25,1,8,0,0,draft,
point_alpha_corridor,13,33,493,woods,0,0,0,0,0,0,draft,
point_alpha_corridor,14,33,480,woods,0,0,1,8,0,0,draft,
point_alpha_corridor,15,33,516,woods,0,0,0,0,0,0,draft,
point_alpha_corridor,16,33,532,woods,0,0,0,0,0,0,draft,
point_alpha_corridor,17,33,492,woods,0,0,0,0,0,0,draft,
point_alpha_corridor,18,33,439,clear,0,0,0,0,0,0,elevation_only,
point_alpha_corridor,19,33,410,clear,0,0,0,0,0,0,elevation_only,
point_alpha_corridor,20,33,390,clear,0,0,0,0,0,0,elevation_only,
point_alpha_corridor,21,33,372,clear,1,10,0,0,0,0,draft,
point_alpha_corridor,22,33,362,clear,1,17,1,10,0,0,draft,
point_alpha_corridor,23,33,374,woods,0,0,0,0,0,0,draft,
point_alpha_corridor,24,33,413,woods,0,0,0,0,0,0,draft,
point_alpha_corridor,25,33,397,woods,1,10,0,0,0,0,draft,
point_alpha_corridor,26,33,349,clear,1,17,1,12,0,0,draft,
point_alpha_corridor,27,33,337,clear,0,0,1,33,0,0,draft,
point_alpha_corridor,28,33,335,clear,0,0,0,0,0,0,elevation_only,
point_alpha_corridor,29,33,345,clear,0,0,0,0,0,0,elevation_only,
point_alpha_corridor,30,33,333,clear,2,5,3,5,0,0,draft,
point_alpha_corridor,31,33,328,clear,2,40,3,40,0,0,draft,
point_alpha_corridor,32,33,364,clear,0,0,0,0,0,0,elevation_only,
point_alpha_corridor,33,33,402,woods,0,0,0,0,0,0,draft,
point_alpha_corridor,34,33,446,woods,1,12,0,0,0,0,draft,
point_alpha_corridor,35,33,481,clear,1,34,0,0,0,0,draft,
point_alpha_corridor,36,33,501,woods,1,20,0,0,0,0,draft,
point_alpha_corridor,37,33,541,clear,1,34,0,0,0,0,draft,
point_alpha_corridor,38,33,557,woods,1,17,0,0,0,0,draft,
point_alpha_corridor,39,33,603,clear,1,9,0,0,0,0,draft,
point_alpha_corridor,0,34,290,urban,1,1,0,0,3,0,draft,
point_alpha_corridor,1,34,310,urban,1,3,0,0,3,0,draft,
point_alpha_corridor,2,34,321,urban,1,20,0,0,1,0,draft,
point_alpha_corridor,3,34,317,urban,1,42,0,0,1,0,draft,
point_alpha_corridor,4,34,316,clear,1,21,0,0,0,0,draft,
point_alpha_corridor,5,34,316,clear,1,33,0,0,0,0,draft,
point_alpha_corridor,6,34,374,woods,0,0,0,0,0,0,draft,
point_alpha_corridor,7,34,400,woods,0,0,0,0,0,0,draft,
point_alpha_corridor,8,34,431,woods,0,0,0,0,0,0,draft,
point_alpha_corridor,9,34,501,woods,0,0,0,0,0,0,draft,
point_alpha_corridor,10,34,533,clear,0,0,0,0,0,0,elevation_only,
point_alpha_corridor,11,34,491,woods,1,1,0,0,0,0,draft,
point_alpha_corridor,12,34,452,woods,1,9,1,9,0,0,draft,
point_alpha_corridor,13,34,520,woods,0,0,0,0,0,0,draft,
point_alpha_corridor,14,34,457,clear,0,0,1,9,0,0,draft,
point_alpha_corridor,15,34,464,woods,0,0,0,0,0,0,draft,
point_alpha_corridor,16,34,475,woods,0,0,0,0,0,0,draft,
point_alpha_corridor,17,34,485,woods,0,0,0,0,0,0,draft,
point_alpha_corridor,18,34,425,woods,0,0,0,0,0,0,draft,
point_alpha_corridor,19,34,391,clear,0,0,0,0,0,0,elevation_only,
point_alpha_corridor,20,34,378,clear,0,0,0,0,0,0,elevation_only,
point_alpha_corridor,21,34,370,clear,1,9,1,10,0,0,draft,
point_alpha_corridor,22,34,370,clear,0,0,1,17,0,0,draft,
point_alpha_corridor,23,34,382,clear,0,0,0,0,0,0,elevation_only,
point_alpha_corridor,24,34,412,woods,0,0,0,0,0,0,draft,
point_alpha_corridor,25,34,371,woods,1,9,1,10,0,0,draft,
point_alpha_corridor,26,34,355,clear,0,0,1,17,0,0,draft,
point_alpha_corridor,27,34,354,clear,0,0,0,0,0,0,elevation_only,
point_alpha_corridor,28,34,347,clear,0,0,0,0,0,0,elevation_only,
point_alpha_corridor,29,34,356,clear,0,0,0,0,0,0,elevation_only,
point_alpha_corridor,30,34,363,clear,0,0,0,0,0,0,elevation_only,
point_alpha_corridor,31,34,335,clear,2,3,3,3,0,0,draft,
point_alpha_corridor,32,34,330,clear,2,28,3,24,0,0,draft,
point_alpha_corridor,33,34,358,clear,1,34,0,0,0,0,draft,
point_alpha_corridor,34,34,395,clear,1,25,0,0,0,0,draft,
point_alpha_corridor,35,34,418,clear,0,0,0,0,0,0,elevation_only,
point_alpha_corridor,36,34,446,clear,0,0,0,0,0,0,elevation_only,
point_alpha_corridor,37,34,470,woods,0,0,0,0,0,0,draft,
point_alpha_corridor,38,34,499,woods,0,0,0,0,0,0,draft,
point_alpha_corridor,39,34,569,woods,1,1,0,0,0,0,draft,
point_alpha_corridor,0,35,268,urban,1,4,2,4,2,0,draft,
point_alpha_corridor,1,35,274,clear,1,34,2,40,0,0,draft,
point_alpha_corridor,2,35,283,urban,1,28,0,0,3,0,draft,
point_alpha_corridor,3,35,283,urban,1,41,0,0,3,0,draft,
point_alpha_corridor,4,35,308,woods,0,0,0,0,0,0,draft,
point_alpha_corridor,5,35,320,clear,0,0,0,0,0,0,elevation_only,
point_alpha_corridor,6,35,364,woods,0,0,0,0,0,0,draft,
point_alpha_corridor,7,35,420,woods,0,0,0,0,0,0,draft,
point_alpha_corridor,8,35,444,woods,0,0,0,0,0,0,draft,
point_alpha_corridor,9,35,491,woods,0,0,0,0,0,0,draft,
point_alpha_corridor,10,35,513,woods,0,0,0,0,0,0,draft,
point_alpha_corridor,11,35,457,woods,0,0,0,0,0,0,draft,
point_alpha_corridor,12,35,419,woods,1,9,1,9,0,0,draft,
point_alpha_corridor,13,35,468,woods,0,0,0,0,0,0,draft,
point_alpha_corridor,14,35,425,clear,1,8,1,13,0,0,draft,
point_alpha_corridor,15,35,420,clear,0,0,1,32,0,0,draft,
point_alpha_corridor,16,35,454,woods,0,0,0,0,0,0,draft,
point_alpha_corridor,17,35,454,clear,0,0,0,0,0,0,elevation_only,
point_alpha_corridor,18,35,422,clear,0,0,0,0,0,0,elevation_only,
point_alpha_corridor,19,35,401,clear,1,10,1,10,0,0,draft,
point_alpha_corridor,20,35,392,clear,1,20,1,20,0,0,draft,
point_alpha_corridor,21,35,382,clear,1,41,1,33,0,0,draft,
point_alpha_corridor,22,35,380,clear,0,0,0,0,0,0,elevation_only,
point_alpha_corridor,23,35,392,clear,0,0,0,0,0,0,elevation_only,
point_alpha_corridor,24,35,389,woods,1,12,1,12,0,0,draft,
point_alpha_corridor,25,35,361,clear,1,35,1,41,0,0,draft,
point_alpha_corridor,26,35,376,clear,1,20,0,0,0,0,draft,
point_alpha_corridor,27,35,378,clear,1,34,0,0,0,0,draft,
point_alpha_corridor,28,35,369,clear,1,20,0,0,0,0,draft,
point_alpha_corridor,29,35,372,clear,1,34,0,0,0,0,draft,
point_alpha_corridor,30,35,384,clear,1,20,0,0,0,0,draft,
point_alpha_corridor,31,35,376,clear,1,34,0,0,0,0,draft,
point_alpha_corridor,32,35,355,clear,2,21,3,5,0,0,draft,
point_alpha_corridor,33,35,338,clear,2,34,2,34,0,0,draft,
point_alpha_corridor,34,35,360,clear,2,29,2,24,0,0,draft,
point_alpha_corridor,35,35,389,clear,1,40,0,0,0,0,draft,
point_alpha_corridor,36,35,415,clear,0,0,0,0,0,0,elevation_only,
point_alpha_corridor,37,35,471,woods,0,0,0,0,0,0,draft,
point_alpha_corridor,38,35,530,woods,0,0,0,0,0,0,draft,
point_alpha_corridor,39,35,567,woods,1,8,0,0,0,0,draft,
point_alpha_corridor,0,36,293,clear,0,0,0,0,0,0,elevation_only,
point_alpha_corridor,1,36,278,clear,0,0,2,3,0,0,draft,
point_alpha_corridor,2,36,281,clear,1,13,2,24,0,0,draft,
point_alpha_corridor,3,36,279,urban,1,43,0,0,3,0,draft,
point_alpha_corridor,4,36,299,urban,1,16,0,0,3,0,draft,
point_alpha_corridor,5,36,327,clear,0,0,0,0,0,0,elevation_only,
point_alpha_corridor,6,36,356,woods,0,0,0,0,0,0,draft,
point_alpha_corridor,7,36,384,woods,0,0,0,0,0,0,draft,
point_alpha_corridor,8,36,424,woods,0,0,0,0,0,0,draft,
point_alpha_corridor,9,36,472,woods,0,0,0,0,0,0,draft,
point_alpha_corridor,10,36,506,woods,0,0,0,0,0,0,draft,
point_alpha_corridor,11,36,455,woods,0,0,0,0,0,0,draft,
point_alpha_corridor,12,36,404,clear,1,5,1,5,0,0,draft,
point_alpha_corridor,13,36,416,clear,1,40,1,40,0,0,draft,
point_alpha_corridor,14,36,398,clear,1,9,1,9,0,0,draft,
point_alpha_corridor,15,36,432,woods,0,0,0,0,0,0,draft,
point_alpha_corridor,16,36,481,woods,1,12,0,0,0,0,draft,
point_alpha_corridor,17,36,465,clear,1,42,0,0,0,0,draft,
point_alpha_corridor,18,36,460,clear,1,20,0,0,0,0,draft,
point_alpha_corridor,19,36,423,clear,1,33,1,9,0,0,draft,
point_alpha_corridor,20,36,425,clear,0,0,0,0,0,0,elevation_only,
point_alpha_corridor,21,36,407,clear,1,3,0,0,0,0,draft,
point_alpha_corridor,22,36,399,clear,1,24,0,0,0,0,draft,
point_alpha_corridor,23,36,403,clear,1,10,0,0,0,0,draft,
point_alpha_corridor,24,36,376,clear,1,17,1,9,0,0,draft,
point_alpha_corridor,25,36,370,clear,0,0,1,9,0,0,draft,
point_alpha_corridor,26,36,392,clear,0,0,0,0,0,0,elevation_only,
point_alpha_corridor,27,36,434,woods,0,0,0,0,0,0,draft,
point_alpha_corridor,28,36,453,woods,0,0,0,0,0,0,draft,
point_alpha_corridor,29,36,424,woods,0,0,0,0,0,0,draft,
point_alpha_corridor,30,36,410,clear,0,0,0,0,0,0,elevation_only,
point_alpha_corridor,31,36,410,clear,0,0,0,0,0,0,elevation_only,
point_alpha_corridor,32,36,400,clear,0,0,0,0,0,0,elevation_only,
point_alpha_corridor,33,36,362,clear,0,0,0,0,0,0,elevation_only,
point_alpha_corridor,34,36,346,clear,2,5,2,9,0,0,draft,
point_alpha_corridor,35,36,364,clear,2,35,0,0,0,0,draft,
point_alpha_corridor,36,36,387,urban,2,24,0,0,1,0,draft,
point_alpha_corridor,37,36,459,woods,0,0,0,0,0,0,draft,
point_alpha_corridor,38,36,539,woods,1,12,0,0,0,0,draft,
point_alpha_corridor,39,36,596,clear,1,33,0,0,0,0,draft,
point_alpha_corridor,0,37,306,clear,0,0,0,0,0,0,elevation_only,
point_alpha_corridor,1,37,312,clear,1,10,0,0,0,0,draft,
point_alpha_corridor,2,37,288,clear,1,21,2,9,0,0,draft,
point_alpha_corridor,3,37,301,clear,1,41,0,0,0,0,draft,
point_alpha_corridor,4,37,312,clear,0,0,0,0,0,0,elevation_only,
point_alpha_corridor,5,37,323,clear,0,0,0,0,0,0,elevation_only,
point_alpha_corridor,6,37,350,clear,0,0,0,0,0,0,elevation_only,
point_alpha_corridor,7,37,381,woods,0,0,0,0,0,0,draft,
point_alpha_corridor,8,37,389,woods,0,0,0,0,0,0,draft,
point_alpha_corridor,9,37,440,woods,0,0,0,0,0,0,draft,
point_alpha_corridor,10,37,464,woods,0,0,0,0,0,0,draft,
point_alpha_corridor,11,37,443,woods,0,0,0,0,0,0,draft,
point_alpha_corridor,12,37,410,clear,0,0,0,0,0,0,elevation_only,
point_alpha_corridor,13,37,378,clear,1,11,1,11,0,0,draft,
point_alpha_corridor,14,37,386,clear,1,21,1,17,0,0,draft,
point_alpha_corridor,15,37,404,clear,1,34,0,0,0,0,draft,
point_alpha_corridor,16,37,420,clear,1,25,0,0,0,0,draft,
point_alpha_corridor,17,37,486,woods,1,9,0,0,0,0,draft,
point_alpha_corridor,18,37,510,woods,0,0,0,0,0,0,draft,
point_alpha_corridor,19,37,457,clear,0,0,1,9,0,0,draft,
point_alpha_corridor,20,37,479,woods,0,0,0,0,0,0,draft,
point_alpha_corridor,21,37,465,woods,0,0,0,0,0,0,draft,
point_alpha_corridor,22,37,430,clear,1,5,0,0,0,0,draft,
point_alpha_corridor,23,37,396,clear,1,41,0,0,0,0,draft,
point_alpha_corridor,24,37,380,clear,0,0,1,9,0,0,draft,
point_alpha_corridor,25,37,384,clear,0,0,1,9,0,0,draft,
point_alpha_corridor,26,37,409,clear,0,0,0,0,0,0,elevation_only,
point_alpha_corridor,27,37,462,woods,0,0,0,0,0,0,draft,
point_alpha_corridor,28,37,552,woods,0,0,0,0,0,0,draft,
point_alpha_corridor,29,37,509,woods,0,0,0,0,0,0,draft,
point_alpha_corridor,30,37,459,clear,0,0,0,0,0,0,elevation_only,
point_alpha_corridor,31,37,467,clear,0,0,0,0,0,0,elevation_only,
point_alpha_corridor,32,37,451,woods,0,0,0,0,0,0,draft,
point_alpha_corridor,33,37,423,woods,0,0,0,0,0,0,draft,
point_alpha_corridor,34,37,395,clear,0,0,2,5,0,0,draft,
point_alpha_corridor,35,37,372,clear,0,0,2,34,0,0,draft,
point_alpha_corridor,36,37,364,urban,2,9,2,24,3,0,draft,
point_alpha_corridor,37,37,432,woods,0,0,0,0,0,0,draft,
point_alpha_corridor,38,37,523,woods,1,9,0,0,0,0,draft,
point_alpha_corridor,39,37,609,woods,0,0,0,0,0,0,draft,
point_alpha_corridor,0,38,279,clear,0,0,1,4,0,0,draft,
point_alpha_corridor,1,38,308,clear,1,9,1,40,0,0,draft,
point_alpha_corridor,2,38,313,clear,0,0,2,5,0,0,draft,
point_alpha_corridor,3,38,314,woods,1,3,2,34,0,0,draft,
point_alpha_corridor,4,38,287,clear,1,20,2,20,0,0,draft,
point_alpha_corridor,5,38,308,clear,1,40,2,40,0,0,draft,
point_alpha_corridor,6,38,336,clear,0,0,0,0,0,0,elevation_only,
point_alpha_corridor,7,38,328,clear,0,0,0,0,0,0,elevation_only,
point_alpha_corridor,8,38,355,woods,0,0,0,0,0,0,draft,
point_alpha_corridor,9,38,425,woods,0,0,0,0,0,0,draft,
point_alpha_corridor,10,38,421,woods,0,0,0,0,0,0,draft,
point_alpha_corridor,11,38,476,woods,0,0,0,0,0,0,draft,
point_alpha_corridor,12,38,407,clear,1,12,0,0,0,0,draft,
point_alpha_corridor,13,38,357,clear,1,33,1,9,0,0,draft,
point_alpha_corridor,14,38,377,clear,0,0,0,0,0,0,elevation_only,
point_alpha_corridor,15,38,412,clear,0,0,0,0,0,0,elevation_only,
point_alpha_corridor,16,38,427,clear,1,5,0,0,0,0,draft,
point_alpha_corridor,17,38,454,woods,1,41,0,0,0,0,draft,
point_alpha_corridor,18,38,506,woods,0,0,0,0,0,0,draft,
point_alpha_corridor,19,38,501,woods,0,0,1,1,0,0,draft,
point_alpha_corridor,20,38,526,woods,0,0,0,0,0,0,draft,
point_alpha_corridor,21,38,532,woods,0,0,0,0,0,0,draft,
point_alpha_corridor,22,38,472,clear,0,0,0,0,0,0,elevation_only,
point_alpha_corridor,23,38,420,clear,1,11,0,0,0,0,draft,
point_alpha_corridor,24,38,398,clear,1,20,1,9,0,0,draft,
point_alpha_corridor,25,38,408,clear,1,40,1,3,0,0,draft,
point_alpha_corridor,26,38,413,clear,0,0,1,24,0,0,draft,
point_alpha_corridor,27,38,471,woods,0,0,0,0,0,0,draft,
point_alpha_corridor,28,38,585,woods,0,0,0,0,0,0,draft,
point_alpha_corridor,29,38,586,woods,0,0,0,0,0,0,draft,
point_alpha_corridor,30,38,551,woods,0,0,0,0,0,0,draft,
point_alpha_corridor,31,38,576,woods,0,0,0,0,0,0,draft,
point_alpha_corridor,32,38,582,woods,0,0,0,0,0,0,draft,
point_alpha_corridor,33,38,522,woods,0,0,0,0,0,0,draft,
point_alpha_corridor,34,38,464,woods,0,0,0,0,0,0,draft,
point_alpha_corridor,35,38,397,clear,0,0,0,0,0,0,elevation_only,
point_alpha_corridor,36,38,363,urban,2,9,2,9,3,0,draft,
point_alpha_corridor,37,38,413,urban,1,10,0,0,3,0,draft,
point_alpha_corridor,38,38,514,woods,1,17,0,0,0,0,draft,
point_alpha_corridor,39,38,619,woods,0,0,0,0,0,0,draft,
point_alpha_corridor,0,39,293,woods,1,0,0,0,0,0,draft,
point_alpha_corridor,1,39,294,woods,1,1,1,1,0,0,draft,
point_alpha_corridor,2,39,321,woods,0,0,0,0,0,0,draft,
point_alpha_corridor,3,39,341,woods,0,0,0,0,0,0,draft,
point_alpha_corridor,4,39,333,woods,0,0,0,0,0,0,draft,
point_alpha_corridor,5,39,306,woods,1,3,2,3,0,0,draft,
point_alpha_corridor,6,39,304,clear,1,20,2,16,0,0,draft,
point_alpha_corridor,7,39,332,clear,1,32,0,0,0,0,draft,
point_alpha_corridor,8,39,349,clear,0,0,0,0,0,0,elevation_only,
point_alpha_corridor,9,39,369,clear,0,0,0,0,0,0,elevation_only,
point_alpha_corridor,10,39,389,clear,0,0,0,0,0,0,elevation_only,
point_alpha_corridor,11,39,418,urban,1,2,0,0,1,0,draft,
point_alpha_corridor,12,39,361,clear,1,17,1,4,0,0,draft,
point_alpha_corridor,13,39,352,clear,0,0,1,33,0,0,draft,
point_alpha_corridor,14,39,376,clear,0,0,0,0,0,0,elevation_only,
point_alpha_corridor,15,39,454,clear,0,0,0,0,0,0,elevation_only,
point_alpha_corridor,16,39,468,clear,0,0,0,0,0,0,elevation_only,
point_alpha_corridor,17,39,449,clear,1,1,0,0,0,0,draft,
point_alpha_corridor,18,39,480,woods,0,0,0,0,0,0,draft,
point_alpha_corridor,19,39,536,woods,0,0,0,0,0,0,draft,
point_alpha_corridor,20,39,588,woods,0,0,0,0,0,0,draft,
point_alpha_corridor,21,39,601,woods,0,0,0,0,0,0,draft,
point_alpha_corridor,22,39,513,woods,0,0,0,0,0,0,draft,
point_alpha_corridor,23,39,436,woods,1,1,1,2,0,0,draft,
point_alpha_corridor,24,39,419,clear,0,0,1,17,0,0,draft,
point_alpha_corridor,25,39,429,clear,1,3,0,0,0,0,draft,
point_alpha_corridor,26,39,436,clear,1,16,1,1,0,0,draft,
point_alpha_corridor,27,39,480,woods,0,0,0,0,0,0,draft,
point_alpha_corridor,28,39,581,woods,0,0,0,0,0,0,draft,
point_alpha_corridor,29,39,588,woods,0,0,0,0,0,0,draft,
point_alpha_corridor,30,39,558,woods,0,0,0,0,0,0,draft,
point_alpha_corridor,31,39,633,woods,0,0,0,0,0,0,draft,
point_alpha_corridor,32,39,691,woods,0,0,0,0,0,0,draft,
point_alpha_corridor,33,39,590,woods,0,0,0,0,0,0,draft,
point_alpha_corridor,34,39,481,woods,0,0,0,0,0,0,draft,
point_alpha_corridor,35,39,386,woods,0,0,2,2,0,0,draft,
point_alpha_corridor,36,39,378,urban,2,5,2,17,3,0,draft,
point_alpha_corridor,37,39,429,urban,1,35,0,0,3,0,draft,
point_alpha_corridor,38,39,519,woods,1,16,0,0,0,0,draft,
point_alpha_corridor,39,39,612,woods,0,0,0,0,0,0,draft,
